0,1.71,1.689,1.81,1.71,1.71,1.69,1.69,1.699,1.687,1.81,
1,1.226,1.689,1.687,1.71,1.236,1.236,1.31,1.699,1.687,1.81,
2,1.37667,1.37667,1.36567,1.37667,1.36567,1.35667,1.37667,1.36567,1.36567,1.47667,
3,1.226,1.46,1.199,1.21,1.236,1.44,1.46,1.199,1.199,1.31,
4,1.299,1.31,1.299,1.31,1.29,1.299,1.31,1.11,1.276,1.21,
5,1.35667,1.21,1.199,1.21,1.236,1.35667,1.21,1.14333,1.187,1.176,
6,1.40429,1.28143,1.26043,1.13857,1.236,1.27043,1.13857,1.11557,1.12757,1.24743,
7,1.315,1.335,1.199,1.21,1.236,1.324,1.176,1.187,1.199,1.176,
8,1.24556,1.26556,1.24456,1.26556,1.236,1.25456,1.23156,1.24256,1.14344,1.23156,
9,1.19,1.21,1.199,1.21,1.236,1.199,1.176,1.287,1.099,1.176,
10,1.23545,1.16455,1.15355,1.16455,1.14509,1.23545,1.14455,1.32336,1.06264,1.13055,
11,1.27333,1.12667,1.14333,1.12667,1.15267,1.199,1.189,1.27033,1.03233,1.10567,
12,1.22846,1.09462,1.11769,1.09462,1.15908,1.16054,1.21446,1.22546,1.00669,1.13754,
13,1.26143,1.11557,1.12757,1.06714,1.11857,1.199,1.189,1.187,1.04414,1.10457,
14,1.22333,1.11,1.14333,1.11,1.15667,1.23233,1.22233,1.15367,1.087,1.14267,
15,1.19,1.1475,1.185,1.085,1.1365,1.2615,1.2515,1.187,1.062,1.1135,
16,1.21941,1.18059,1.22176,1.12176,1.14659,1.22841,1.21841,1.15759,1.03994,1.14659,
17,1.19,1.21,1.19889,1.09889,1.14344,1.25456,1.24456,1.187,1.03233,1.12044,
18,1.16368,1.23632,1.17842,1.13105,1.17268,1.22532,1.21532,1.21332,1.05542,1.09705,
19,1.14,1.26,1.16,1.16,1.199,1.199,1.239,1.237,1.087,1.076,
20,1.11857,1.23381,1.14333,1.13857,1.22281,1.17519,1.21281,1.21081,1.06795,1.05695,
21,1.14455,1.21,1.12818,1.12818,1.24445,1.15355,1.189,1.23245,1.05064,1.06264,
22,1.16726,1.23174,1.11435,1.11435,1.26422,1.13378,1.16726,1.20874,1.0783,1.04683,
23,1.14833,1.21,1.10167,1.12667,1.24067,1.15733,1.14733,1.22867,1.074,1.03233,
24,1.17,1.19,1.13,1.11,1.219,1.139,1.129,1.247,1.059,1.059,
25,1.15154,1.17154,1.11769,1.11769,1.199,1.16054,1.15054,1.26392,1.04515,1.04515,
26,1.13444,1.15444,1.14333,1.11741,1.18048,1.18048,1.13344,1.24256,1.03233,1.04333,
27,1.15329,1.17429,1.13143,1.13857,1.16329,1.16329,1.15329,1.22271,1.02043,1.03143,
28,1.13728,1.15828,1.12034,1.12379,1.14728,1.14728,1.17176,1.20424,1.00934,1.02034,
29,1.136,1.17667,1.11,1.11,1.136,1.13233,1.189,1.187,1.02033,1.02233,
30,1.14061,1.19387,1.10032,1.0971,1.11835,1.15061,1.17287,1.17087,1.04184,1.01158,
31,1.15775,1.21,1.09125,1.085,1.111,1.1365,1.15775,1.187,1.03375,1.0225,
32,1.17385,1.22515,1.09294,1.08273,1.11479,1.15355,1.14355,1.20215,1.05064,1.01303,
33,1.189,1.21,1.08135,1.07471,1.11835,1.14018,1.13018,1.21641,1.03994,1.02894,
34,1.20329,1.19571,1.07043,1.08143,1.12171,1.12757,1.11757,1.22986,1.036,1.04743,
35,1.189,1.18222,1.06011,1.08778,1.12489,1.14344,1.10567,1.21478,1.05111,1.03711,
36,1.17549,1.16946,1.05324,1.08838,1.12789,1.13143,1.09441,1.20051,1.06538,1.05438,
37,1.16268,1.18368,1.04684,1.07842,1.13074,1.12005,1.08374,1.187,1.08174,1.04442,
38,1.15054,1.19718,1.06641,1.06897,1.13344,1.10926,1.08215,1.17418,1.07162,1.03497,
39,1.139,1.185,1.06,1.06,1.136,1.124,1.064,1.187,1.087,1.051,
40,1.12802,1.17341,1.0539,1.07585,1.13844,1.11363,1.06527,1.1748,1.10163,1.04185,
41,1.11757,1.18619,1.05614,1.09095,1.14076,1.12757,1.06933,1.16319,1.09176,1.05695,
42,1.11972,1.17512,1.04784,1.10535,1.14298,1.1176,1.04995,1.17537,1.1056,1.04809,
43,1.12236,1.16455,1.03991,1.09636,1.14509,1.13082,1.05418,1.16427,1.11882,1.03964,
44,1.12489,1.17667,1.05456,1.11,1.14711,1.12122,1.05822,1.17589,1.10922,1.03156,
45,1.1273,1.16652,1.05857,1.1013,1.14904,1.13378,1.06209,1.187,1.10004,1.02383,
46,1.12962,1.15681,1.0507,1.09298,1.15089,1.12453,1.05043,1.17636,1.11253,1.01643,
47,1.13183,1.1475,1.051,1.085,1.13183,1.1365,1.04333,1.16617,1.10367,1.00933,
48,1.13396,1.15898,1.06376,1.09776,1.11355,1.12757,1.05635,1.15639,1.11557,1.02294,
49,1.136,1.15,1.076,1.09,1.116,1.139,1.05,1.147,1.127,1.029,
50,1.13796,1.14137,1.08776,1.08255,1.11835,1.14998,1.04333,1.13798,1.13798,1.02233,
51,1.13985,1.13308,1.09908,1.07538,1.12062,1.14131,1.03692,1.12931,1.12931,1.01592,
52,1.14166,1.12509,1.09109,1.06849,1.10392,1.15183,1.03075,1.12096,1.13983,1.02862,
53,1.14341,1.13593,1.08341,1.08037,1.10637,1.14344,1.04333,1.13144,1.13144,1.02233,
54,1.14509,1.12818,1.076,1.08273,1.09055,1.13536,1.05545,1.12336,1.12336,1.01627,
55,1.14671,1.12071,1.08671,1.07786,1.09314,1.12757,1.04929,1.11557,1.11557,1.01171,
56,1.14828,1.11351,1.09705,1.07842,1.09565,1.1376,1.04333,1.10805,1.1256,1.01547,
57,1.14979,1.10655,1.08979,1.08586,1.09807,1.13003,1.03759,1.10079,1.11803,1.0191,
58,1.15125,1.09983,1.09973,1.08119,1.08346,1.12273,1.03203,1.11073,1.11073,1.02261,
59,1.15267,1.09333,1.09267,1.09333,1.086,1.11567,1.04333,1.10367,1.10367,1.026,
60,1.15403,1.08705,1.10223,1.08869,1.08846,1.10884,1.03787,1.11323,1.11323,1.02928,
61,1.15535,1.08097,1.09535,1.08419,1.09084,1.10223,1.03771,1.12248,1.10635,1.03245,
62,1.15663,1.07508,1.0887,1.07984,1.09314,1.1117,1.04333,1.11557,1.11557,1.03552,
63,1.15787,1.07562,1.09787,1.07562,1.09537,1.10525,1.03812,1.1245,1.10887,1.0385,
64,1.15908,1.07154,1.09138,1.07154,1.08215,1.099,1.04385,1.11777,1.10238,1.026,
65,1.16024,1.08273,1.08509,1.08273,1.08448,1.10809,1.03848,1.11124,1.11124,1.02212,
66,1.16137,1.08313,1.09391,1.07866,1.08675,1.11691,1.04228,1.10491,1.11984,1.01896,
67,1.16247,1.07765,1.10247,1.07471,1.07424,1.11076,1.04294,1.11347,1.11347,1.02012,
68,1.16354,1.07232,1.09629,1.07232,1.07658,1.11929,1.05232,1.10729,1.10729,1.0231,
69,1.16457,1.06714,1.09029,1.06714,1.07886,1.11329,1.06143,1.10129,1.11557,1.01171,
70,1.16558,1.06352,1.08445,1.06352,1.08107,1.12154,1.0562,1.09545,1.10954,1.01473,
71,1.15267,1.06,1.09267,1.07389,1.08322,1.12956,1.065,1.08978,1.10367,1.01767,
72,1.15381,1.05658,1.08696,1.07027,1.07162,1.12366,1.05986,1.08426,1.11166,1.02052,
73,1.15492,1.05324,1.08141,1.07486,1.07384,1.13143,1.06838,1.07889,1.11943,1.0233,
74,1.14267,1.05,1.076,1.08333,1.076,1.12567,1.07667,1.07367,1.11367,1.026,
75,1.14389,1.04684,1.07074,1.07842,1.07811,1.12005,1.08474,1.06858,1.10805,1.02863,
76,1.14509,1.04377,1.0786,1.08273,1.06717,1.11458,1.07961,1.06362,1.11557,1.03119,
77,1.13344,1.04077,1.07344,1.07923,1.06933,1.10926,1.07462,1.05879,1.11008,1.03369,
78,1.12208,1.03785,1.06841,1.08848,1.07144,1.11672,1.06975,1.06675,1.10472,1.02347,
79,1.1265,1.0475,1.0635,1.085,1.0735,1.1115,1.065,1.062,1.112,1.026,
80,1.1211,1.04457,1.05872,1.0816,1.06316,1.11875,1.06037,1.05737,1.1191,1.02847,
81,1.12802,1.04171,1.05405,1.07829,1.06527,1.11363,1.05585,1.05285,1.11383,1.03088,
82,1.12273,1.05096,1.04949,1.07506,1.06733,1.10864,1.05145,1.04845,1.12073,1.03323,
83,1.11757,1.0481,1.04505,1.08381,1.05805,1.10376,1.04714,1.04414,1.12748,1.03552,
84,1.11253,1.04529,1.04071,1.08059,1.05953,1.099,1.05471,1.03994,1.12229,1.03776,
85,1.10809,1.04256,1.04809,1.07744,1.06158,1.09435,1.05047,1.03584,1.11723,1.02833,
86,1.10956,1.03989,1.04382,1.07437,1.06359,1.0898,1.05782,1.03184,1.11229,1.0306,
87,1.09964,1.03955,1.03964,1.08273,1.06555,1.08536,1.05364,1.03927,1.10745,1.03282,
88,1.10117,1.03584,1.04679,1.07966,1.07102,1.08102,1.04955,1.03584,1.10273,1.03499,
89,1.10267,1.03222,1.04267,1.07667,1.06933,1.07678,1.05444,1.04333,1.09811,1.03711,
90,1.10658,1.02978,1.03864,1.07374,1.07362,1.07263,1.05066,1.03967,1.10458,1.03919,
91,1.10557,1.02739,1.0347,1.07087,1.0803,1.07943,1.0487,1.04696,1.10004,1.03035,
92,1.10835,1.03258,1.03084,1.06806,1.0761,1.07534,1.05409,1.04333,1.0956,1.03245,
93,1.10834,1.0334,1.02706,1.06532,1.07198,1.08198,1.05043,1.05043,1.09126,1.03451,
94,1.10968,1.03632,1.03389,1.06263,1.06795,1.07795,1.04684,1.04684,1.087,1.03653,
95,1.111,1.04333,1.03017,1.06,1.06933,1.074,1.05375,1.04333,1.08283,1.0385,
96,1.10198,1.0399,1.02652,1.05742,1.07105,1.07013,1.06052,1.05021,1.07875,1.04043,
97,1.10335,1.03653,1.02294,1.05694,1.07273,1.06635,1.05694,1.05694,1.07476,1.04233,
98,1.10469,1.04333,1.02954,1.05343,1.06438,1.06264,1.05343,1.05343,1.08094,1.04418,
99,1.106,1.04,1.026,1.05,1.066,1.069,1.05,1.05,1.077,1.046,
100,1.10729,1.04663,1.02253,1.05653,1.06758,1.07524,1.05653,1.04663,1.07314,1.04778,
101,1.10855,1.04333,1.02253,1.06294,1.06914,1.08135,1.05314,1.05314,1.06935,1.04953,
102,1.10979,1.0401,1.0291,1.06922,1.07066,1.07764,1.04981,1.04981,1.06564,1.05124,
103,1.111,1.04654,1.03554,1.06577,1.07215,1.08362,1.05538,1.04654,1.062,1.05292,
104,1.11219,1.05286,1.03233,1.06238,1.07362,1.07995,1.06143,1.04333,1.06795,1.05457,
105,1.11336,1.04962,1.02919,1.05906,1.07579,1.07636,1.06736,1.04962,1.06436,1.04675,
106,1.1145,1.04645,1.03545,1.05579,1.07647,1.07283,1.07318,1.04645,1.06083,1.04843,
107,1.11563,1.04333,1.04159,1.06185,1.07789,1.06937,1.07889,1.04333,1.05737,1.05007,
108,1.11673,1.04945,1.04762,1.05862,1.07432,1.06597,1.0845,1.04028,1.05397,1.05169,
109,1.11782,1.04636,1.05355,1.05545,1.07145,1.06264,1.08091,1.04636,1.05973,1.05327,
110,1.11888,1.04333,1.05035,1.05234,1.07639,1.05936,1.07739,1.05234,1.06538,1.05483,
111,1.111,1.04036,1.04721,1.04929,1.08186,1.06507,1.07393,1.05821,1.07093,1.05636,
112,1.10326,1.03743,1.05298,1.05513,1.07838,1.06183,1.07053,1.05513,1.06753,1.04901,
113,1.10442,1.03456,1.04988,1.05211,1.07688,1.05865,1.06719,1.05211,1.06419,1.05056,
114,1.09687,1.03174,1.04683,1.05783,1.07817,1.06422,1.06391,1.04913,1.06961,1.05209,
115,1.09807,1.03759,1.04383,1.05483,1.07945,1.06107,1.06069,1.04621,1.06631,1.05359,
116,1.09925,1.03479,1.04088,1.05188,1.0807,1.06652,1.06607,1.04333,1.07162,1.04651,
117,1.10041,1.03203,1.03798,1.05746,1.08193,1.07188,1.07136,1.04051,1.06836,1.03956,
118,1.10155,1.03773,1.03513,1.05454,1.07555,1.06875,1.06815,1.03773,1.06515,1.04113,
119,1.10267,1.04333,1.04067,1.05167,1.08067,1.06567,1.065,1.04333,1.062,1.04267,
120,1.10377,1.04058,1.03784,1.04884,1.07743,1.0709,1.0619,1.04058,1.06717,1.04418,
121,1.10485,1.03787,1.03507,1.04607,1.08244,1.07605,1.05885,1.04246,1.06405,1.04567,
122,1.10592,1.0352,1.04046,1.04333,1.07924,1.07298,1.06398,1.04772,1.06098,1.04714,
123,1.0989,1.03258,1.03771,1.04871,1.0761,1.06997,1.06903,1.0529,1.06603,1.04858,
124,1.092,1.03,1.035,1.046,1.074,1.067,1.066,1.058,1.063,1.05,
125,1.09314,1.02746,1.03233,1.05127,1.06995,1.06408,1.06408,1.06302,1.06795,1.0514,
126,1.09427,1.03283,1.02971,1.05646,1.07483,1.0612,1.0612,1.06008,1.06495,1.05277,
127,1.09537,1.03812,1.02712,1.06156,1.07962,1.05837,1.065,1.05719,1.062,1.05412,
128,1.09647,1.04333,1.02458,1.06659,1.08435,1.05559,1.06984,1.05434,1.06684,1.05546,
129,1.09754,1.04077,1.02215,1.06385,1.08131,1.05285,1.06692,1.05154,1.07162,1.05677,
130,1.0986,1.03824,1.01961,1.06115,1.07831,1.05778,1.06405,1.04878,1.07631,1.05806,
131,1.09964,1.03576,1.01718,1.06606,1.08294,1.05506,1.06121,1.04606,1.07336,1.05176,
132,1.10066,1.04083,1.01479,1.06338,1.0875,1.05238,1.05842,1.04338,1.07046,1.05307,
133,1.09421,1.03836,1.01597,1.06075,1.09199,1.04975,1.06313,1.04821,1.0676,1.05436,
134,1.08785,1.04333,1.01593,1.05815,1.089,1.05456,1.06037,1.04556,1.07219,1.05563,
135,1.08159,1.04088,1.02088,1.06294,1.08606,1.05194,1.05765,1.04294,1.07671,1.05688,
136,1.08272,1.04577,1.01847,1.06036,1.08316,1.04936,1.05496,1.04036,1.08116,1.05812,
137,1.08383,1.04333,1.02159,1.06507,1.0803,1.04683,1.05232,1.03783,1.0783,1.05209,
138,1.07773,1.04094,1.01935,1.06252,1.07749,1.04432,1.04971,1.03532,1.08268,1.04614,
139,1.07886,1.03857,1.01714,1.06,1.07471,1.04186,1.04714,1.03857,1.087,1.04743,
140,1.07997,1.03624,1.01496,1.05752,1.07198,1.03943,1.04652,1.03624,1.09126,1.0487,
141,1.07403,1.03394,1.01986,1.05507,1.06928,1.03703,1.04407,1.03394,1.08841,1.04994,
142,1.07516,1.03168,1.02469,1.05266,1.07362,1.04166,1.04664,1.03867,1.0856,1.04418,
143,1.07628,1.02944,1.0225,1.05028,1.07094,1.04622,1.04417,1.03639,1.08978,1.04544,
144,1.07738,1.02724,1.02103,1.05483,1.06831,1.04383,1.04862,1.03414,1.0939,1.04669,
145,1.07847,1.03192,1.02562,1.05932,1.06571,1.04147,1.04616,1.03462,1.09796,1.04792,
146,1.07954,1.03394,1.02333,1.05694,1.06315,1.04594,1.04374,1.03653,1.10197,1.04913,
147,1.08059,1.03432,1.02108,1.05459,1.06384,1.05035,1.04359,1.03432,1.10592,1.05032,
148,1.08164,1.03886,1.02544,1.05899,1.06493,1.04799,1.04128,1.03457,1.10982,1.0515,
149,1.08267,1.04333,1.02333,1.05667,1.066,1.04567,1.039,1.03233,1.107,1.05267,
150,1.08368,1.04113,1.02126,1.05437,1.06706,1.04999,1.04113,1.03675,1.11084,1.04719,
151,1.08468,1.03895,1.02137,1.05211,1.06811,1.05426,1.03895,1.03453,1.10805,1.04179,
152,1.08567,1.0368,1.02373,1.04987,1.0626,1.05194,1.0368,1.03233,1.1053,1.03646,
153,1.08665,1.03468,1.02169,1.04766,1.06366,1.04965,1.04117,1.03416,1.10908,1.03769,
154,1.08761,1.03258,1.02158,1.04548,1.06471,1.05384,1.03903,1.03194,1.10635,1.03245,
155,1.08856,1.03051,1.0241,1.04974,1.06574,1.05797,1.04333,1.03615,1.10367,1.03369,
156,1.0895,1.02847,1.0221,1.04758,1.06676,1.05569,1.04121,1.04032,1.10101,1.03492,
157,1.09043,1.02646,1.02178,1.04544,1.06144,1.05343,1.03911,1.0381,1.09839,1.03613,
158,1.08506,1.02447,1.02604,1.04333,1.05619,1.0512,1.04333,1.03591,1.09581,1.03732,
159,1.07975,1.0225,1.03025,1.04125,1.05775,1.049,1.04125,1.03375,1.09325,1.03225,
160,1.08072,1.0224,1.02819,1.03981,1.0583,1.04683,1.0454,1.03783,1.09694,1.02724,
161,1.08168,1.02605,1.02616,1.0384,1.0532,1.04468,1.04333,1.03568,1.10058,1.02847,
162,1.08263,1.02472,1.02415,1.03699,1.05422,1.04256,1.04129,1.03969,1.09804,1.02355,
163,1.08356,1.02341,1.02217,1.04171,1.05527,1.04656,1.04537,1.03756,1.09554,1.02478,
164,1.07842,1.02212,1.02021,1.0403,1.0563,1.05052,1.04939,1.04152,1.09306,1.01994,
165,1.07937,1.02084,1.01828,1.03892,1.05733,1.0484,1.04735,1.0394,1.09061,1.01723,
166,1.08031,1.01958,1.02138,1.03934,1.05834,1.04631,1.04533,1.03731,1.0882,1.02138,
167,1.08124,1.01952,1.01952,1.04333,1.05933,1.04424,1.04929,1.03524,1.08581,1.01952,
168,1.07624,1.02302,1.01769,1.04136,1.06032,1.04811,1.04728,1.0332,1.08345,1.01769,
169,1.07129,1.02176,1.02176,1.03941,1.06129,1.04606,1.04529,1.03118,1.08112,1.02176,
170,1.06641,1.02637,1.01994,1.03749,1.06226,1.04403,1.04333,1.02918,1.07881,1.02579,
171,1.0674,1.02512,1.01814,1.03558,1.06321,1.04202,1.0414,1.02721,1.08235,1.02977,
172,1.06837,1.02387,1.02214,1.03543,1.06415,1.04004,1.03948,1.02526,1.08006,1.02792,
173,1.06359,1.02839,1.02034,1.03414,1.06508,1.04383,1.03759,1.02908,1.0778,1.02609,
174,1.06457,1.02714,1.01857,1.03857,1.06029,1.04186,1.03571,1.02714,1.07557,1.03,
175,1.06555,1.02591,1.01682,1.03727,1.06123,1.04559,1.03386,1.02523,1.07336,1.02818,
176,1.06651,1.02469,1.01668,1.03599,1.06216,1.04363,1.03203,1.02333,1.07118,1.02638,
177,1.06746,1.0291,1.01899,1.03472,1.06308,1.0417,1.03584,1.02146,1.06902,1.02461,
178,1.0684,1.02844,1.01861,1.03402,1.06399,1.03978,1.03961,1.02285,1.06689,1.02844,
179,1.06933,1.03222,1.01678,1.03778,1.06489,1.03789,1.03778,1.02111,1.06567,1.02667,
180,1.06473,1.03099,1.01497,1.03597,1.06578,1.03602,1.03597,1.02149,1.06364,1.02492,
181,1.06567,1.02978,1.01867,1.03418,1.06666,1.03966,1.03967,1.01967,1.06164,1.02319,
182,1.0666,1.0324,1.02233,1.03404,1.06753,1.0378,1.04333,1.01787,1.06405,1.02148,
183,1.06752,1.03065,1.02596,1.03609,1.06839,1.03596,1.04152,1.01978,1.062,1.02522,
184,1.06843,1.03432,1.02414,1.03973,1.06924,1.03414,1.03973,1.02351,1.05997,1.02892,
185,1.06933,1.03258,1.02771,1.04333,1.07009,1.03771,1.03796,1.02183,1.06334,1.0272,
186,1.06488,1.03086,1.0259,1.0469,1.07092,1.0359,1.0362,1.02016,1.06133,1.02551,
187,1.06579,1.03447,1.02943,1.04511,1.07174,1.03411,1.03447,1.02383,1.05934,1.02383,
188,1.06669,1.03275,1.02762,1.04862,1.07256,1.03762,1.03804,1.02746,1.05879,1.02746,
189,1.06758,1.03105,1.02584,1.04684,1.06811,1.03584,1.04158,1.02579,1.06216,1.03105,
190,1.06323,1.02937,1.02408,1.04508,1.0637,1.03408,1.03984,1.02937,1.06549,1.02937,
191,1.05892,1.03292,1.02233,1.04333,1.06454,1.03233,1.03812,1.02771,1.06358,1.03292,
192,1.05465,1.03642,1.02088,1.04679,1.06538,1.03061,1.03642,1.03124,1.06688,1.03124,
193,1.05559,1.0399,1.02405,1.04505,1.06621,1.0289,1.0399,1.03474,1.07013,1.02959,
194,1.05651,1.04333,1.02233,1.04846,1.06703,1.02721,1.04333,1.03821,1.07336,1.03308,
195,1.05743,1.04163,1.02573,1.04673,1.06784,1.02553,1.04163,1.03653,1.07145,1.03143,
196,1.05518,1.03995,1.02403,1.0501,1.06864,1.02472,1.04503,1.03487,1.06956,1.0298,
197,1.05418,1.03828,1.02738,1.04838,1.06438,1.02728,1.04333,1.03828,1.06769,1.03323,
198,1.05171,1.03663,1.03071,1.04668,1.0652,1.02563,1.04166,1.03663,1.06583,1.03373,
199,1.05,1.035,1.029,1.045,1.066,1.024,1.045,1.04,1.064,1.037,
200,1.04831,1.03338,1.02731,1.04333,1.0668,1.02238,1.04333,1.03836,1.06218,1.04023,
201,1.04788,1.03178,1.02563,1.04168,1.06758,1.02573,1.04663,1.03673,1.06039,1.04344,
202,1.04881,1.0302,1.02398,1.04005,1.06836,1.02527,1.04498,1.03512,1.05861,1.04661,
203,1.04973,1.02863,1.02233,1.03843,1.06424,1.02373,1.04333,1.03843,1.05684,1.04484,
204,1.05063,1.02707,1.0222,1.03683,1.06502,1.0222,1.04171,1.03683,1.0551,1.0431,
205,1.05153,1.02553,1.02553,1.0401,1.06581,1.02424,1.0401,1.03524,1.05337,1.04137,
206,1.05243,1.02401,1.02401,1.0385,1.06658,1.0275,1.0385,1.03367,1.05649,1.03966,
207,1.05331,1.0225,1.02731,1.04173,1.06735,1.02592,1.04173,1.03692,1.05958,1.03796,
208,1.04971,1.021,1.03057,1.04014,1.06811,1.02579,1.04493,1.03536,1.05785,1.03628,
209,1.05286,1.01952,1.02905,1.03857,1.06886,1.02429,1.04333,1.03381,1.0609,1.03462,
210,1.05123,1.01875,1.03227,1.03701,1.0696,1.0228,1.04175,1.03227,1.05919,1.03297,
211,1.04962,1.01719,1.03075,1.03547,1.06562,1.02447,1.04019,1.03075,1.05749,1.03606,
212,1.04821,1.02033,1.02925,1.03864,1.06638,1.02294,1.04333,1.02925,1.05581,1.03442,
213,1.04908,1.02345,1.03243,1.04178,1.06712,1.0261,1.04178,1.03243,1.05881,1.03279,
214,1.04995,1.02188,1.03093,1.04488,1.06321,1.02458,1.04023,1.03093,1.05714,1.03119,
215,1.05259,1.02496,1.03407,1.04333,1.06396,1.02307,1.04333,1.02944,1.06011,1.02959,
216,1.05167,1.02341,1.03258,1.0418,1.06471,1.02158,1.0418,1.02797,1.05845,1.03262,
217,1.05404,1.02193,1.0311,1.04028,1.06086,1.02193,1.04028,1.02651,1.0568,1.03562,
218,1.05335,1.02507,1.0342,1.03877,1.06162,1.0232,1.04333,1.02507,1.05973,1.03403,
219,1.05545,1.02818,1.03273,1.03727,1.06236,1.02364,1.04182,1.02364,1.05809,1.03245,
220,1.05842,1.02674,1.03127,1.03579,1.0631,1.02222,1.04032,1.02222,1.06099,1.03089,
221,1.05685,1.02532,1.02982,1.03883,1.06384,1.02532,1.03883,1.02532,1.05936,1.03385,
222,1.05978,1.02839,1.03287,1.04184,1.06457,1.0239,1.04184,1.0239,1.05774,1.03229,
223,1.05821,1.03143,1.03143,1.04482,1.06529,1.0225,1.04482,1.02696,1.05614,1.03521,
224,1.05667,1.03444,1.03444,1.04778,1.066,1.02556,1.04333,1.03,1.05456,1.03367,
225,1.05956,1.03301,1.03301,1.05071,1.06671,1.02858,1.04186,1.03301,1.05298,1.03213,
226,1.05802,1.03159,1.03599,1.04921,1.06741,1.02718,1.0404,1.03599,1.05142,1.03061,
227,1.05649,1.03018,1.03456,1.04772,1.06811,1.02579,1.04333,1.03456,1.04988,1.02986,
228,1.05696,1.02878,1.03751,1.05061,1.06443,1.02878,1.04188,1.03314,1.05271,1.03198,
229,1.05783,1.02739,1.04043,1.04913,1.06513,1.02739,1.04478,1.03174,1.05117,1.03165,
230,1.05632,1.03035,1.04333,1.04766,1.06583,1.02602,1.04333,1.03035,1.04965,1.03254,
231,1.05914,1.02897,1.0419,1.05052,1.06221,1.02466,1.0419,1.03328,1.04814,1.03341,
232,1.05764,1.03035,1.04047,1.04906,1.06291,1.0233,1.04476,1.03618,1.05093,1.02999,
233,1.05651,1.02888,1.03906,1.05188,1.06361,1.02197,1.04333,1.03479,1.05025,1.03087,
234,1.05728,1.02743,1.03766,1.05468,1.0643,1.02064,1.04617,1.0334,1.0487,1.02749,
235,1.05803,1.0278,1.03627,1.05746,1.06498,1.01932,1.04898,1.03627,1.04717,1.02837,
236,1.05878,1.03068,1.03489,1.05599,1.06566,1.01802,1.05177,1.03911,1.04565,1.03068,
237,1.05953,1.02933,1.03353,1.05454,1.06213,1.01833,1.05034,1.03773,1.04774,1.03012,
238,1.06027,1.02799,1.03218,1.05728,1.06282,1.01962,1.04891,1.04054,1.05046,1.02799,
239,1.061,1.03083,1.03083,1.05583,1.0635,1.01983,1.05167,1.04333,1.05317,1.02767,
240,1.06173,1.0295,1.0295,1.05855,1.06417,1.0185,1.05025,1.0461,1.0517,1.02853,
241,1.06245,1.03231,1.02818,1.05711,1.06071,1.01992,1.04884,1.04471,1.05024,1.02939,
242,1.06316,1.03099,1.03099,1.05568,1.06139,1.02276,1.05156,1.04333,1.04879,1.03024,
243,1.05977,1.02967,1.02967,1.05426,1.06207,1.02557,1.05016,1.04607,1.04736,1.03108,
244,1.06049,1.03245,1.02837,1.05694,1.05865,1.02429,1.04878,1.04878,1.04594,1.03192,
245,1.0612,1.03114,1.02707,1.05553,1.05933,1.02301,1.05146,1.0474,1.04453,1.03275,
246,1.06191,1.02984,1.02579,1.05413,1.06001,1.02174,1.05008,1.04603,1.04313,1.03357,
247,1.06261,1.02855,1.02855,1.05274,1.06068,1.02452,1.04871,1.04468,1.04174,1.03035,
248,1.06331,1.02837,1.02727,1.05137,1.06134,1.02727,1.04735,1.04333,1.04438,1.03238,
249,1.064,1.027,1.026,1.05,1.062,1.03,1.046,1.042,1.043,1.032,
250,1.06469,1.02565,1.02474,1.04865,1.05867,1.03271,1.04466,1.04466,1.04163,1.03281,
251,1.06537,1.0243,1.02349,1.0473,1.05933,1.03143,1.04333,1.04333,1.04027,1.03362,
252,1.06604,1.02692,1.02621,1.04597,1.05999,1.03411,1.04202,1.04202,1.04287,1.03442,
253,1.06671,1.02558,1.0289,1.04465,1.06065,1.03283,1.04071,1.04071,1.04546,1.03521,
254,1.06345,1.02425,1.02765,1.04725,1.05763,1.03157,1.03941,1.03941,1.04802,1.036,
255,1.06412,1.02294,1.02641,1.04594,1.06009,1.03422,1.03812,1.04203,1.04666,1.03678,
256,1.06479,1.02552,1.02907,1.04463,1.06254,1.03296,1.03685,1.04463,1.0453,1.03756,
257,1.06546,1.02421,1.02783,1.04333,1.06497,1.03171,1.03558,1.04721,1.04396,1.03833,
258,1.06225,1.02677,1.0266,1.04205,1.06352,1.03046,1.03432,1.04977,1.04263,1.03909,
259,1.06292,1.02546,1.02923,1.04077,1.06592,1.02923,1.03308,1.04846,1.04131,1.036,
260,1.06359,1.02416,1.02801,1.0395,1.06831,1.02801,1.03184,1.04716,1.04383,1.03677,
261,1.06043,1.02288,1.02679,1.03824,1.07068,1.02679,1.03443,1.04588,1.04251,1.03753,
262,1.05729,1.0254,1.02939,1.037,1.06923,1.02559,1.037,1.0484,1.04121,1.03828,
263,1.05797,1.02791,1.02818,1.03955,1.06779,1.02476,1.03576,1.04712,1.03991,1.03903,
264,1.05864,1.02662,1.02698,1.0383,1.06636,1.02353,1.03453,1.04585,1.03862,1.03977,
265,1.05931,1.02911,1.02579,1.03707,1.06494,1.02579,1.03331,1.04459,1.04038,1.04051,
266,1.05997,1.02782,1.02461,1.03959,1.06353,1.02484,1.0321,1.04333,1.03982,1.04124,
267,1.06063,1.02655,1.02716,1.03836,1.06213,1.02716,1.0309,1.04209,1.04228,1.04197,
268,1.06128,1.02901,1.0297,1.03714,1.06446,1.0297,1.03342,1.04457,1.04472,1.03897,
269,1.05822,1.02774,1.02852,1.03593,1.06678,1.02852,1.03593,1.04333,1.04344,1.0397,
270,1.05888,1.02734,1.02734,1.03472,1.06538,1.02734,1.03472,1.04579,1.04217,1.03674,
271,1.05585,1.02618,1.02618,1.03721,1.064,1.02985,1.03721,1.04456,1.04459,1.03747,
272,1.05651,1.02502,1.02868,1.03699,1.06629,1.02868,1.03601,1.04333,1.04332,1.03453,
273,1.05352,1.02642,1.03117,1.03572,1.06491,1.03117,1.03482,1.04577,1.04207,1.03527,
274,1.05418,1.02518,1.03,1.03445,1.06718,1.03364,1.03364,1.04455,1.04336,1.036,
275,1.05484,1.02758,1.02884,1.0332,1.06581,1.03246,1.03609,1.04333,1.04207,1.03672,
276,1.05549,1.02635,1.0313,1.03557,1.06806,1.0313,1.03491,1.04574,1.04196,1.03744,
277,1.05614,1.02873,1.03374,1.03432,1.0667,1.03014,1.03734,1.04813,1.04432,1.03816,
278,1.05679,1.0275,1.03258,1.03667,1.06893,1.03258,1.03616,1.04692,1.04542,1.03887,
279,1.05743,1.02986,1.03143,1.039,1.06757,1.03143,1.03857,1.04571,1.04414,1.03957,
280,1.05806,1.02864,1.03028,1.04131,1.06622,1.03384,1.0374,1.04452,1.04287,1.03671,
281,1.0587,1.02743,1.0327,1.04361,1.06489,1.0327,1.03624,1.04333,1.04161,1.03387,
282,1.05932,1.02622,1.03155,1.04236,1.06356,1.03155,1.03509,1.04216,1.04036,1.03459,
283,1.05994,1.02503,1.03042,1.04111,1.06224,1.03394,1.03746,1.04099,1.04263,1.0353,
284,1.06056,1.02384,1.0293,1.03988,1.06093,1.03281,1.03982,1.03982,1.04139,1.036,
285,1.06117,1.02616,1.02818,1.03865,1.05963,1.03168,1.04217,1.04217,1.04015,1.0367,
286,1.06178,1.02498,1.03056,1.04092,1.06182,1.03056,1.04101,1.04101,1.03892,1.03739,
287,1.06239,1.02381,1.02944,1.03969,1.06053,1.02944,1.03986,1.03986,1.04117,1.03808,
288,1.06299,1.02264,1.0318,1.04194,1.05924,1.0318,1.03872,1.03872,1.0434,1.03531,
289,1.06359,1.02148,1.03069,1.04072,1.06141,1.03069,1.03759,1.04103,1.04562,1.036,
290,1.06074,1.02033,1.02959,1.04295,1.06357,1.03302,1.03646,1.04333,1.04782,1.03669,
291,1.06134,1.02262,1.03192,1.04174,1.06229,1.03192,1.03534,1.04219,1.05001,1.03737,
292,1.05853,1.02488,1.03082,1.04054,1.06443,1.03082,1.03423,1.04106,1.04877,1.03805,
293,1.05573,1.02373,1.02973,1.03934,1.06315,1.02973,1.03313,1.03993,1.04754,1.03532,
294,1.05634,1.02259,1.02864,1.03815,1.06188,1.03203,1.03542,1.03881,1.04632,1.036,
295,1.05357,1.02146,1.02757,1.04035,1.064,1.03432,1.03432,1.0377,1.04511,1.03668,
296,1.05081,1.0237,1.0265,1.03917,1.0661,1.03323,1.0366,1.0366,1.0439,1.03398,
297,1.05144,1.02257,1.02879,1.04135,1.06819,1.0355,1.0355,1.0355,1.0427,1.03466,
298,1.05205,1.02145,1.03107,1.04017,1.07027,1.03441,1.03776,1.03441,1.04152,1.03533,
299,1.05267,1.02367,1.03333,1.039,1.069,1.03667,1.04,1.03333,1.04033,1.03267,
300,1.05328,1.02587,1.03226,1.04116,1.06774,1.03558,1.0389,1.03226,1.03916,1.03334,
301,1.05388,1.02806,1.03119,1.03999,1.06648,1.0345,1.03781,1.03119,1.03799,1.03401,
302,1.05448,1.02693,1.03013,1.03883,1.06854,1.03343,1.03673,1.03013,1.04014,1.03468,
303,1.05179,1.02582,1.03237,1.03768,1.06729,1.03237,1.03566,1.02908,1.03897,1.03205,
304,1.05239,1.0247,1.03459,1.03654,1.06605,1.03131,1.03787,1.02803,1.03782,1.03272,
305,1.05299,1.0236,1.0368,1.03541,1.06808,1.03026,1.0368,1.02699,1.03994,1.03341,
306,1.05359,1.0225,1.03573,1.03753,1.07011,1.03248,1.03573,1.02596,1.03879,1.03228,
307,1.05418,1.02169,1.03468,1.0364,1.07212,1.03468,1.03792,1.02818,1.0409,1.0344,
308,1.05477,1.02068,1.03362,1.03851,1.07411,1.03686,1.0401,1.02715,1.03975,1.03328,
309,1.05213,1.01968,1.03258,1.04061,1.07287,1.03581,1.03903,1.02935,1.03861,1.03216,
310,1.05272,1.0219,1.03476,1.03948,1.07485,1.03476,1.03797,1.03154,1.0407,1.03154,
311,1.05331,1.0209,1.03372,1.03836,1.07362,1.03372,1.04013,1.03051,1.03956,1.03372,
312,1.05389,1.0199,1.03268,1.04044,1.07239,1.03268,1.03907,1.02949,1.04163,1.03268,
313,1.05447,1.01892,1.03484,1.03932,1.07117,1.03166,1.04121,1.02847,1.0405,1.03218,
314,1.05505,1.01794,1.03698,1.03821,1.06995,1.03381,1.04016,1.03063,1.03938,1.03063,
315,1.05562,1.01696,1.03595,1.04027,1.07191,1.03278,1.04228,1.03278,1.03827,1.03194,
316,1.05303,1.01599,1.03808,1.04231,1.0707,1.03177,1.04123,1.03492,1.03716,1.03085,
317,1.05361,1.01719,1.04019,1.04435,1.0695,1.03075,1.04019,1.03704,1.0392,1.02977,
318,1.05418,1.01615,1.03915,1.04323,1.06831,1.02975,1.03915,1.03602,1.0381,1.03183,
319,1.05475,1.01512,1.03812,1.04212,1.06712,1.02875,1.04125,1.035,1.04012,1.03075,
320,1.05531,1.0153,1.0371,1.04102,1.06595,1.03087,1.04022,1.03399,1.04214,1.03087,
321,1.05277,1.01435,1.03609,1.03993,1.06478,1.02988,1.03919,1.03298,1.04104,1.02988,
322,1.05334,1.0165,1.03817,1.04194,1.06671,1.03198,1.03817,1.03198,1.03994,1.02889,
323,1.0539,1.01864,1.03716,1.04085,1.06554,1.03407,1.03716,1.03407,1.03885,1.0279,
324,1.05446,1.01769,1.03615,1.03977,1.06438,1.03308,1.03923,1.03308,1.03777,1.02692,
325,1.05195,1.01675,1.03515,1.03869,1.06323,1.03209,1.03822,1.03209,1.03669,1.02902,
326,1.05251,1.01581,1.03416,1.03762,1.06209,1.0311,1.04028,1.0311,1.03868,1.0311,
327,1.05307,1.01488,1.03622,1.03656,1.06095,1.03012,1.03927,1.03012,1.04066,1.03012,
328,1.05059,1.01395,1.03523,1.0355,1.05982,1.02915,1.03827,1.02915,1.03958,1.02915,
329,1.05115,1.01303,1.03424,1.03748,1.06173,1.03121,1.03727,1.03121,1.03852,1.02818,
330,1.05171,1.01328,1.03628,1.03945,1.0606,1.03024,1.03628,1.03024,1.03745,1.02722,
331,1.05227,1.01531,1.0353,1.04141,1.05948,1.02928,1.0353,1.03229,1.03941,1.02627,
332,1.05282,1.01433,1.03432,1.04335,1.05837,1.02832,1.03432,1.03432,1.03835,1.02532,
333,1.05037,1.01335,1.03335,1.04529,1.05726,1.02737,1.03335,1.03335,1.0373,1.02437,
334,1.05093,1.01237,1.03239,1.04721,1.05616,1.0294,1.03239,1.03239,1.03625,1.02431,
335,1.05148,1.01357,1.03143,1.04614,1.05805,1.03143,1.03143,1.03143,1.03531,1.02629,
336,1.05202,1.01267,1.03344,1.04508,1.05992,1.03344,1.03047,1.03047,1.03728,1.02751,
337,1.04961,1.01178,1.03544,1.04403,1.06178,1.03249,1.02953,1.03249,1.03628,1.02657,
338,1.05016,1.01383,1.03743,1.04298,1.06363,1.03153,1.02858,1.03153,1.03528,1.02563,
339,1.05071,1.01294,1.03941,1.04488,1.06547,1.03059,1.03059,1.03059,1.03429,1.02471,
340,1.05125,1.01499,1.04138,1.04384,1.06437,1.03258,1.02965,1.02965,1.03331,1.02424,
341,1.05179,1.01409,1.04041,1.0428,1.06327,1.03164,1.02871,1.03164,1.03233,1.02618,
342,1.05233,1.01612,1.03945,1.04469,1.06509,1.0307,1.0307,1.03362,1.03136,1.02519,
343,1.05286,1.01523,1.03849,1.04365,1.064,1.02977,1.02977,1.03267,1.0304,1.02712,
344,1.05339,1.01725,1.04043,1.04262,1.06291,1.03174,1.02884,1.03174,1.02943,1.02613,
345,1.05392,1.01636,1.03948,1.04449,1.06472,1.03081,1.02792,1.03081,1.02848,1.02515,
346,1.05444,1.01836,1.04141,1.04347,1.06364,1.02988,1.027,1.02988,1.03041,1.02418,
347,1.05497,1.01747,1.04046,1.04532,1.06256,1.03184,1.02609,1.02897,1.03233,1.02609,
348,1.05548,1.01659,1.03951,1.0443,1.06149,1.03092,1.02519,1.03092,1.03138,1.02805,
349,1.05314,1.01571,1.03857,1.04614,1.06043,1.03286,1.02714,1.03,1.03329,1.02714,
350,1.05366,1.01484,1.03764,1.04797,1.05937,1.03479,1.02624,1.02909,1.03233,1.02624,
351,1.05418,1.01398,1.0367,1.04695,1.05832,1.03386,1.02818,1.02818,1.03139,1.02534,
352,1.0547,1.01312,1.03578,1.04594,1.05727,1.03295,1.02728,1.02728,1.03044,1.02694,
353,1.05521,1.01508,1.03486,1.04493,1.05623,1.03203,1.02638,1.02638,1.02951,1.02638,
354,1.05572,1.01423,1.03676,1.04393,1.05801,1.03394,1.02831,1.02831,1.03066,1.02549,
355,1.05342,1.01337,1.03584,1.04293,1.05698,1.03303,1.02742,1.02742,1.0297,1.02461,
356,1.05393,1.01252,1.03493,1.04194,1.05875,1.03493,1.02653,1.02653,1.03154,1.02373,
357,1.05164,1.01447,1.03402,1.04096,1.05772,1.03682,1.02844,1.02564,1.0314,1.02285,
358,1.05216,1.01641,1.03591,1.04276,1.05669,1.03869,1.02755,1.02476,1.0324,1.02476,
359,1.05267,1.01556,1.035,1.04178,1.05567,1.03778,1.02667,1.02389,1.03233,1.02389,
360,1.05317,1.01471,1.03687,1.0408,1.05465,1.03687,1.02695,1.02579,1.03326,1.02579,
361,1.05368,1.01387,1.03597,1.04259,1.0564,1.03597,1.02878,1.02492,1.0323,1.02492,
362,1.05143,1.01579,1.03507,1.04437,1.05539,1.03782,1.02784,1.02405,1.03135,1.02405,
363,1.05193,1.01495,1.03692,1.04614,1.05438,1.03692,1.02868,1.02319,1.03041,1.02319,
364,1.05244,1.01685,1.03877,1.04516,1.05612,1.03877,1.02781,1.02507,1.03051,1.02233,
365,1.05294,1.01874,1.03787,1.04419,1.05512,1.03787,1.02694,1.02421,1.0296,1.02421,
366,1.05344,1.0179,1.0397,1.04322,1.05412,1.03698,1.02687,1.02608,1.0287,1.02347,
367,1.05393,1.01978,1.0388,1.04226,1.05313,1.0388,1.02596,1.02793,1.0278,1.02522,
368,1.05172,1.02165,1.03791,1.04401,1.05214,1.03791,1.02504,1.02707,1.02691,1.02462,
369,1.05222,1.02081,1.03703,1.04305,1.05386,1.03703,1.02684,1.02622,1.02603,1.02519,
370,1.05002,1.01997,1.03615,1.0448,1.05288,1.03615,1.02593,1.02536,1.02784,1.02306,
371,1.04783,1.01914,1.03527,1.04384,1.05459,1.03527,1.02502,1.02452,1.02696,1.02363,
372,1.04565,1.01831,1.0344,1.04289,1.05361,1.0344,1.02412,1.02367,1.02876,1.0242,
373,1.04349,1.01749,1.03353,1.04194,1.05264,1.0362,1.02322,1.02283,1.02788,1.02283,
374,1.044,1.01933,1.03267,1.041,1.05433,1.03533,1.02233,1.02467,1.027,1.02267,
375,1.04185,1.01851,1.03181,1.04006,1.05336,1.03447,1.02411,1.02383,1.02879,1.02383,
376,1.04237,1.02034,1.03361,1.03913,1.0524,1.03361,1.02565,1.023,1.03056,1.02565,
377,1.04288,1.01952,1.03275,1.03821,1.05408,1.03275,1.02746,1.02481,1.02969,1.02481,
378,1.04339,1.01871,1.03454,1.03728,1.05312,1.03454,1.02662,1.02398,1.02882,1.02662,
379,1.04389,1.01789,1.03368,1.03637,1.05216,1.03632,1.02579,1.02421,1.02795,1.02579,
380,1.0444,1.01709,1.03546,1.03546,1.0512,1.03546,1.02496,1.02333,1.02971,1.02759,
381,1.04228,1.01628,1.03461,1.03717,1.05287,1.03461,1.02414,1.02414,1.03146,1.02937,
382,1.04279,1.01548,1.03376,1.03626,1.05192,1.03637,1.02593,1.02593,1.03059,1.02854,
383,1.04329,1.01469,1.03552,1.03796,1.05098,1.03812,1.0251,1.0251,1.03233,1.03031,
384,1.04379,1.01649,1.03468,1.03705,1.05004,1.03727,1.02688,1.02688,1.03147,1.02948,
385,1.0417,1.0157,1.03642,1.03615,1.0491,1.03902,1.02606,1.02865,1.0332,1.02865,
386,1.0422,1.01749,1.03817,1.03525,1.04817,1.04075,1.02783,1.02783,1.03492,1.02783,
387,1.0427,1.01928,1.03732,1.03436,1.04725,1.0399,1.02701,1.02959,1.03405,1.02724,
388,1.0432,1.01848,1.03648,1.03604,1.0489,1.03905,1.02877,1.02933,1.03319,1.0262,
389,1.04369,1.01769,1.03564,1.03515,1.05054,1.03821,1.02795,1.03103,1.03233,1.02574,
390,1.04418,1.01692,1.03737,1.03683,1.04961,1.03737,1.02969,1.03015,1.03404,1.02628,
391,1.04467,1.01867,1.03653,1.03594,1.04869,1.03653,1.02888,1.03184,1.03573,1.02682,
392,1.04516,1.01789,1.03824,1.03506,1.05032,1.03824,1.03061,1.03097,1.03488,1.02735,
393,1.04564,1.01711,1.03995,1.03418,1.05194,1.03995,1.0298,1.0301,1.03403,1.02788,
394,1.04613,1.01633,1.03911,1.0333,1.05103,1.03911,1.02899,1.02924,1.03571,1.02841,
395,1.04661,1.01781,1.03828,1.03496,1.05264,1.03828,1.02818,1.02838,1.03738,1.02893,
396,1.04456,1.01697,1.03746,1.03661,1.05172,1.03746,1.02738,1.03005,1.03653,1.02945,
397,1.04253,1.01615,1.03663,1.03573,1.05081,1.03663,1.0291,1.0292,1.03568,1.02997,
398,1.04302,1.01532,1.03581,1.03737,1.05241,1.03832,1.0283,1.02835,1.03735,1.02798,
399,1.0435,1.015,1.0375,1.0365,1.0515,1.04,1.0275,1.03,1.0365,1.0285,
400,1.04149,1.01424,1.03668,1.03563,1.0506,1.03918,1.0292,1.03165,1.03566,1.02902,
401,1.04197,1.01348,1.03836,1.03726,1.0497,1.03836,1.02841,1.03328,1.03482,1.02953,
402,1.04245,1.01273,1.03754,1.03888,1.0488,1.03754,1.02762,1.03491,1.03399,1.03004,
403,1.04293,1.01373,1.03673,1.03801,1.04791,1.03673,1.02931,1.03406,1.03563,1.03055,
404,1.04341,1.01293,1.03593,1.03715,1.04702,1.03593,1.02852,1.03321,1.0348,1.03106,
405,1.04388,1.01212,1.03759,1.03875,1.04614,1.03644,1.02773,1.03236,1.03398,1.0291,
406,1.04435,1.01132,1.03924,1.03789,1.04772,1.03561,1.02695,1.03152,1.03561,1.02715,
407,1.04482,1.01053,1.03843,1.03704,1.04929,1.03598,1.02863,1.03314,1.03724,1.02767,
408,1.04529,1.00974,1.04007,1.03619,1.04841,1.03763,1.02785,1.0323,1.03641,1.02818,
409,1.04576,1.01139,1.03927,1.03778,1.04754,1.03683,1.02707,1.03146,1.03802,1.02868,
410,1.04622,1.0106,1.03847,1.03693,1.04666,1.03603,1.0263,1.03063,1.0372,1.02919,
411,1.04668,1.00982,1.0401,1.03851,1.0458,1.03767,1.02553,1.02981,1.03881,1.02969,
412,1.04714,1.00903,1.0393,1.04009,1.04493,1.0393,1.02477,1.02898,1.03798,1.03019,
413,1.04518,1.00826,1.04092,1.03924,1.04649,1.04092,1.02401,1.02816,1.03716,1.03069,
414,1.04323,1.00748,1.04253,1.04081,1.04563,1.04012,1.02325,1.02976,1.03635,1.03118,
415,1.04369,1.00671,1.04173,1.03996,1.04717,1.04173,1.0225,1.02894,1.03794,1.03167,
416,1.04176,1.00736,1.04333,1.03912,1.04631,1.04094,1.02415,1.02813,1.03713,1.03216,
417,1.03983,1.00665,1.04254,1.03828,1.04546,1.04254,1.0234,1.02732,1.03632,1.03265,
418,1.0403,1.00594,1.04174,1.03984,1.04461,1.04174,1.02265,1.02652,1.0379,1.03314,
419,1.03838,1.00524,1.04333,1.039,1.04614,1.04095,1.0219,1.0281,1.0371,1.03362,
420,1.03885,1.00691,1.04254,1.04054,1.04529,1.04017,1.02116,1.02729,1.03867,1.0341,
421,1.03932,1.00858,1.04175,1.03971,1.04445,1.04175,1.02043,1.02754,1.03786,1.03221,
422,1.03978,1.00787,1.04097,1.04125,1.04597,1.04333,1.01997,1.02678,1.03943,1.03269,
423,1.04025,1.00717,1.04255,1.04042,1.04513,1.04491,1.01919,1.02726,1.03862,1.03081,
424,1.04071,1.00882,1.04176,1.03959,1.04429,1.04412,1.02059,1.02765,1.04018,1.03129,
425,1.03882,1.00812,1.04333,1.04111,1.04346,1.04333,1.01986,1.0269,1.03938,1.02943,
426,1.03928,1.00742,1.04489,1.04029,1.04263,1.04255,1.01913,1.02724,1.04092,1.02991,
427,1.03974,1.00709,1.04411,1.03947,1.04414,1.04178,1.02075,1.02645,1.04012,1.03039,
428,1.03786,1.00868,1.04333,1.03865,1.04331,1.041,1.02235,1.028,1.03933,1.02935,
429,1.03833,1.00793,1.04256,1.03784,1.04249,1.04023,1.02395,1.02721,1.03853,1.02902,
430,1.03878,1.00951,1.04411,1.03935,1.04399,1.04179,1.02555,1.02875,1.03775,1.0295,
431,1.03924,1.01107,1.04333,1.03854,1.04548,1.04333,1.02713,1.03028,1.03928,1.02998,
432,1.0397,1.01033,1.04256,1.04004,1.04466,1.04487,1.0264,1.02949,1.03849,1.03046,
433,1.04015,1.00958,1.0418,1.03923,1.04384,1.0441,1.02567,1.03101,1.04001,1.03093,
434,1.0406,1.01114,1.04333,1.03843,1.04532,1.04333,1.02494,1.03023,1.03923,1.0314,
435,1.03875,1.01269,1.04486,1.03762,1.0445,1.04257,1.02422,1.02945,1.04074,1.03187,
436,1.0392,1.01194,1.04638,1.03683,1.04598,1.04181,1.0235,1.02867,1.04225,1.03005,
437,1.03965,1.0112,1.04562,1.03603,1.04516,1.04333,1.02507,1.0279,1.04147,1.03052,
438,1.03782,1.01274,1.04713,1.03524,1.04435,1.04485,1.02435,1.02941,1.04069,1.03099,
439,1.03827,1.012,1.04636,1.03673,1.04582,1.04636,1.02364,1.03091,1.04218,1.03145,
440,1.03872,1.01126,1.04787,1.03821,1.04501,1.04787,1.02293,1.03014,1.04367,1.02965,
441,1.03917,1.01053,1.0471,1.03742,1.04647,1.0471,1.02448,1.03163,1.04289,1.03012,
442,1.03961,1.0098,1.0486,1.03663,1.04566,1.04634,1.02377,1.03086,1.04212,1.02833,
443,1.04005,1.01132,1.04784,1.0381,1.04486,1.04559,1.02532,1.03009,1.04134,1.02879,
444,1.04049,1.0106,1.04708,1.03731,1.04406,1.04483,1.02461,1.03157,1.04057,1.02926,
445,1.03869,1.00987,1.04632,1.03878,1.0455,1.04632,1.02614,1.03081,1.03981,1.02972,
446,1.03913,1.01138,1.04781,1.03799,1.0447,1.04557,1.02544,1.03004,1.03904,1.03018,
447,1.03957,1.01289,1.04705,1.03721,1.04614,1.04482,1.02473,1.03152,1.03829,1.02841,
448,1.04001,1.01217,1.0463,1.03867,1.04535,1.0463,1.02403,1.03076,1.03753,1.02887,
449,1.04044,1.01144,1.04778,1.03789,1.04456,1.04556,1.02556,1.03,1.039,1.02933,
450,1.03866,1.01294,1.04703,1.03712,1.04377,1.04481,1.02486,1.02925,1.04046,1.02757,
451,1.0391,1.01443,1.04628,1.03635,1.04298,1.04407,1.02416,1.03071,1.03971,1.02804,
452,1.03732,1.01371,1.04554,1.03558,1.0422,1.04333,1.02567,1.02996,1.03896,1.02849,
453,1.03776,1.01299,1.0448,1.03481,1.04142,1.0426,1.02718,1.02921,1.03821,1.02895,
454,1.0382,1.01227,1.04626,1.03405,1.04065,1.04187,1.02648,1.02846,1.03746,1.02721,
455,1.03863,1.01156,1.04553,1.0333,1.04207,1.04114,1.02579,1.02991,1.03672,1.02547,
456,1.03906,1.01085,1.04698,1.03254,1.04349,1.04042,1.02729,1.03136,1.03817,1.02593,
457,1.03949,1.01014,1.04843,1.03179,1.0449,1.03969,1.02659,1.03279,1.03743,1.02639,
458,1.03774,1.01162,1.04769,1.03105,1.0463,1.03898,1.0259,1.03205,1.03669,1.02467,
459,1.03817,1.01309,1.04696,1.0303,1.0477,1.04043,1.02596,1.03348,1.03596,1.02513,
460,1.03643,1.01238,1.04623,1.03173,1.04692,1.03972,1.02523,1.03273,1.03523,1.02559,
461,1.03687,1.01384,1.04766,1.03099,1.04831,1.04117,1.0245,1.03199,1.0345,1.02388,
462,1.0373,1.01529,1.04693,1.03025,1.04753,1.04261,1.02593,1.03125,1.03593,1.02434,
463,1.03557,1.01674,1.04836,1.02952,1.04676,1.0419,1.02521,1.03267,1.03736,1.02479,
464,1.036,1.01818,1.04763,1.03043,1.04814,1.04118,1.02613,1.03194,1.03663,1.02525,
465,1.03643,1.01962,1.04691,1.0302,1.04737,1.04047,1.0276,1.03335,1.03806,1.0257,
466,1.03686,1.01891,1.04619,1.02947,1.0466,1.03976,1.02692,1.03261,1.03733,1.02615,
467,1.03728,1.0182,1.04761,1.03088,1.04584,1.03906,1.02838,1.03188,1.03661,1.0266,
468,1.03557,1.01749,1.04689,1.03015,1.04721,1.03836,1.0277,1.03115,1.03589,1.02704,
469,1.036,1.01679,1.04617,1.03128,1.04645,1.03766,1.02702,1.03043,1.03517,1.02749,
470,1.03642,1.01609,1.04758,1.03083,1.04569,1.03696,1.02847,1.0297,1.03658,1.02793,
471,1.03685,1.01539,1.04686,1.03222,1.04493,1.03627,1.0278,1.02898,1.03798,1.02837,
472,1.03727,1.0147,1.04615,1.03347,1.04418,1.0377,1.02924,1.02827,1.03727,1.0267,
473,1.03769,1.01611,1.04544,1.03489,1.04343,1.03911,1.02857,1.02755,1.03655,1.02503,
474,1.03811,1.01542,1.04684,1.03421,1.04479,1.04053,1.02789,1.02684,1.03795,1.02547,
475,1.03852,1.01683,1.04824,1.03563,1.04614,1.03983,1.02933,1.02613,1.03724,1.02592,
476,1.03894,1.01614,1.04753,1.03495,1.04539,1.03914,1.03075,1.02543,1.03653,1.02636,
477,1.03935,1.01754,1.04891,1.03427,1.04465,1.03845,1.03008,1.02473,1.03791,1.02679,
478,1.03767,1.01685,1.0482,1.03359,1.04391,1.03777,1.02942,1.02403,1.0372,1.02723,
479,1.03808,1.01825,1.04958,1.03292,1.04317,1.03708,1.02875,1.02333,1.0365,1.02767,
480,1.03849,1.01756,1.05096,1.03225,1.04243,1.0364,1.03017,1.02264,1.0358,1.0281,
481,1.0389,1.01895,1.05025,1.03365,1.0417,1.03573,1.03158,1.02195,1.0351,1.02853,
482,1.03931,1.01826,1.04954,1.03505,1.04304,1.03712,1.03091,1.02333,1.03647,1.02896,
483,1.03765,1.01964,1.05091,1.03645,1.04231,1.03645,1.03231,1.02405,1.03784,1.02939,
484,1.03806,1.01896,1.05021,1.03577,1.04158,1.03577,1.03165,1.02546,1.03921,1.02981,
485,1.03641,1.01828,1.05156,1.03716,1.04085,1.0351,1.03099,1.02481,1.04056,1.03024,
486,1.03477,1.0176,1.05292,1.03854,1.04013,1.03444,1.03033,1.02417,1.03986,1.02861,
487,1.03313,1.01692,1.05221,1.03787,1.03941,1.03377,1.03172,1.02557,1.03916,1.02903,
488,1.03355,1.01829,1.05356,1.0372,1.04074,1.03311,1.03106,1.02697,1.04051,1.02946,
489,1.03396,1.01761,1.05286,1.03857,1.04206,1.03245,1.03041,1.02837,1.03982,1.02988,
490,1.03437,1.01694,1.05216,1.03994,1.04134,1.03179,1.02976,1.02772,1.04116,1.0303,
491,1.03478,1.01627,1.0535,1.0413,1.04266,1.03317,1.03114,1.02707,1.04046,1.03072,
492,1.03519,1.01763,1.0528,1.04063,1.04397,1.03252,1.03049,1.02846,1.03977,1.03113,
493,1.0356,1.01898,1.05211,1.03996,1.04325,1.03186,1.03186,1.02781,1.03908,1.03155,
494,1.03398,1.01831,1.05141,1.04131,1.04254,1.03323,1.03121,1.02717,1.03839,1.02994,
495,1.03237,1.01966,1.05073,1.04065,1.04384,1.03258,1.03258,1.02855,1.03771,1.03035,
496,1.03278,1.021,1.05205,1.03998,1.04312,1.03193,1.03193,1.02791,1.03904,1.02876,
497,1.03319,1.02234,1.05137,1.03932,1.04241,1.03329,1.03329,1.02928,1.03836,1.02917,
498,1.0336,1.02167,1.05068,1.03866,1.04171,1.03265,1.03465,1.02864,1.03768,1.02959,
499,1.032,1.021,1.052,1.038,1.043,1.034,1.034,1.03,1.039,1.03,
500,1.03241,1.02033,1.05132,1.03735,1.04429,1.03335,1.03535,1.02936,1.03832,1.03041,
501,1.03281,1.02166,1.05263,1.03669,1.04358,1.0347,1.0347,1.02873,1.03765,1.03082,
502,1.03322,1.021,1.05195,1.03604,1.04486,1.03406,1.03406,1.02809,1.03697,1.03123,
503,1.03362,1.02033,1.05127,1.0354,1.04416,1.03341,1.03341,1.02746,1.0363,1.03163,
504,1.03402,1.01967,1.05059,1.03673,1.04346,1.03277,1.03277,1.02683,1.03761,1.03204,
505,1.03244,1.01902,1.0519,1.03609,1.04275,1.03213,1.03411,1.02818,1.03694,1.03047,
506,1.03284,1.02033,1.05122,1.03742,1.04206,1.03347,1.03544,1.02953,1.03825,1.0289,
507,1.03128,1.01968,1.05252,1.03677,1.04333,1.03283,1.0348,1.0289,1.03758,1.02734,
508,1.02971,1.01902,1.05185,1.03809,1.0446,1.0322,1.03417,1.02827,1.03692,1.02775,
509,1.02816,1.01837,1.05314,1.03941,1.0439,1.03157,1.03549,1.02765,1.03822,1.02816,
510,1.02661,1.01772,1.05247,1.04072,1.04516,1.03094,1.03485,1.02703,1.03951,1.02856,
511,1.02702,1.01708,1.0518,1.04203,1.04447,1.03031,1.03422,1.02836,1.0408,1.02897,
512,1.02742,1.01643,1.05113,1.04138,1.04378,1.02969,1.03359,1.02774,1.04013,1.02937,
513,1.02588,1.01579,1.05241,1.04074,1.04503,1.02907,1.03296,1.02712,1.03947,1.02977,
514,1.02629,1.0171,1.05175,1.0401,1.04434,1.02845,1.03233,1.0265,1.04075,1.03017,
515,1.0267,1.01646,1.05109,1.0414,1.04559,1.02977,1.03171,1.02721,1.04202,1.03057,
516,1.0271,1.01582,1.05043,1.04075,1.04683,1.03108,1.03108,1.02656,1.04136,1.03097,
517,1.02558,1.01519,1.04977,1.04205,1.04807,1.03046,1.03239,1.0266,1.04263,1.03137,
518,1.02598,1.01455,1.04911,1.04141,1.04738,1.02985,1.03177,1.02719,1.04389,1.03176,
519,1.02638,1.01392,1.05038,1.04077,1.04862,1.02923,1.03308,1.02654,1.04323,1.03215,
520,1.02679,1.0133,1.04973,1.04205,1.04793,1.02862,1.03246,1.0267,1.04257,1.03063,
521,1.02527,1.01267,1.051,1.04142,1.04724,1.02992,1.03375,1.02801,1.04383,1.03102,
522,1.02567,1.01205,1.05034,1.04078,1.04655,1.03122,1.03314,1.0274,1.04317,1.03141,
523,1.02608,1.01334,1.04969,1.04206,1.04587,1.03252,1.03252,1.02679,1.04442,1.02989,
524,1.02648,1.01271,1.05095,1.04143,1.0471,1.0319,1.03381,1.02619,1.04376,1.02838,
525,1.02687,1.0121,1.05221,1.0408,1.04832,1.03129,1.03319,1.02559,1.04501,1.02878,
526,1.02727,1.01148,1.05156,1.04017,1.04763,1.03068,1.03258,1.02689,1.04435,1.02917,
527,1.02767,1.01086,1.0528,1.03955,1.04695,1.03197,1.03197,1.02818,1.0437,1.02767,
528,1.02806,1.01214,1.05216,1.03892,1.04628,1.03136,1.03325,1.02758,1.04305,1.02806,
529,1.02845,1.01153,1.0534,1.0383,1.0456,1.03075,1.03264,1.02698,1.0424,1.02657,
530,1.02884,1.0128,1.05275,1.03957,1.04493,1.03015,1.03203,1.02638,1.04175,1.02508,
531,1.02735,1.01263,1.05398,1.04083,1.04426,1.03143,1.03143,1.02767,1.04111,1.02547,
532,1.02587,1.01206,1.05334,1.04021,1.04547,1.0327,1.0327,1.02707,1.04234,1.02399,
533,1.02626,1.01284,1.05457,1.03959,1.04668,1.03397,1.0321,1.02648,1.0417,1.02252,
534,1.02479,1.01223,1.05579,1.03897,1.04788,1.03336,1.0315,1.02589,1.04106,1.02292,
535,1.02518,1.01163,1.05515,1.03836,1.04907,1.03276,1.0309,1.0253,1.04042,1.02331,
536,1.02371,1.01102,1.05451,1.03775,1.0484,1.03216,1.0303,1.02471,1.03978,1.02371,
537,1.0241,1.01042,1.05387,1.03714,1.04774,1.03156,1.03156,1.02413,1.03915,1.0241,
538,1.02264,1.01056,1.05323,1.03839,1.04893,1.03096,1.03096,1.02354,1.03852,1.0245,
539,1.02304,1.01185,1.05444,1.03778,1.05011,1.03222,1.03222,1.02296,1.03974,1.02304,
540,1.02343,1.01129,1.05566,1.03717,1.04944,1.03348,1.03163,1.02423,1.03911,1.02158,
541,1.02382,1.01258,1.05686,1.03657,1.04878,1.03288,1.03103,1.02365,1.04033,1.02198,
542,1.02237,1.01387,1.05622,1.03597,1.04812,1.03228,1.03044,1.02492,1.04154,1.02237,
543,1.02276,1.01331,1.05559,1.03537,1.04746,1.03353,1.02985,1.02618,1.04091,1.02276,
544,1.02316,1.01275,1.05495,1.03661,1.0468,1.03294,1.02927,1.0256,1.04028,1.02316,
545,1.02355,1.01403,1.05615,1.03601,1.04614,1.03234,1.03051,1.02502,1.03966,1.02355,
546,1.02393,1.01347,1.05735,1.03541,1.04549,1.03176,1.02993,1.02627,1.04086,1.02211,
547,1.02432,1.01292,1.05672,1.03482,1.04484,1.03117,1.02934,1.02569,1.04207,1.0225,
548,1.02289,1.01237,1.05608,1.03423,1.04419,1.03058,1.02876,1.02694,1.04144,1.02289,
549,1.02327,1.01364,1.05545,1.03364,1.04536,1.03,1.02873,1.02636,1.04082,1.02327,
550,1.02366,1.01309,1.05483,1.03305,1.04653,1.03123,1.0276,1.02579,1.04201,1.02184,
551,1.02404,1.01254,1.05601,1.03246,1.04588,1.03065,1.02767,1.02703,1.0432,1.02223,
552,1.02262,1.01199,1.05539,1.03369,1.04524,1.03007,1.02804,1.02826,1.04258,1.02262,
553,1.0212,1.01144,1.05477,1.03491,1.0464,1.02949,1.02842,1.02769,1.04196,1.023,
554,1.02152,1.0127,1.05595,1.03613,1.04756,1.02892,1.02879,1.02712,1.04134,1.02339,
555,1.02274,1.01396,1.05532,1.03554,1.04871,1.02835,1.02917,1.02655,1.04073,1.02377,
556,1.02216,1.01341,1.0547,1.03496,1.04807,1.02777,1.02954,1.02598,1.04011,1.02415,
557,1.02158,1.01287,1.05588,1.03437,1.04922,1.0272,1.02811,1.02541,1.0395,1.02453,
558,1.02279,1.01233,1.05526,1.03558,1.04857,1.02664,1.02849,1.02485,1.04068,1.02491,
559,1.024,1.01179,1.05643,1.035,1.04793,1.02786,1.02886,1.02429,1.04186,1.02529,
560,1.02342,1.01125,1.05759,1.03442,1.04907,1.02907,1.02923,1.02373,1.04125,1.02566,
561,1.02284,1.01071,1.05698,1.03384,1.04843,1.02851,1.02959,1.02495,1.04064,1.02604,
562,1.02227,1.01195,1.05813,1.03327,1.04957,1.02937,1.02996,1.02439,1.04003,1.02641,
563,1.0217,1.01142,1.05752,1.0327,1.0507,1.03056,1.03033,1.02383,1.03943,1.02678,
564,1.02289,1.01265,1.0569,1.03212,1.05006,1.02997,1.03069,1.02504,1.03882,1.02715,
565,1.02232,1.01212,1.05629,1.03332,1.04942,1.03116,1.03105,1.02449,1.03822,1.02752,
566,1.02175,1.01159,1.05744,1.03275,1.04879,1.03057,1.03141,1.02393,1.03762,1.02612,
567,1.02294,1.01106,1.05859,1.03218,1.04815,1.02999,1.03177,1.02338,1.03703,1.02649,
568,1.02237,1.01053,1.05798,1.03162,1.04752,1.0294,1.03038,1.02283,1.03643,1.02686,
569,1.02181,1.01,1.05912,1.03105,1.04689,1.02882,1.02898,1.02228,1.03584,1.02723,
570,1.02124,1.01123,1.05851,1.03049,1.04627,1.03,1.02935,1.02349,1.03525,1.02584,
571,1.02068,1.01245,1.0579,1.02993,1.04564,1.02942,1.02971,1.02294,1.03466,1.02621,
572,1.02012,1.01192,1.05729,1.02937,1.04502,1.03059,1.03007,1.02239,1.03408,1.02658,
573,1.01956,1.01139,1.05669,1.02882,1.04614,1.03001,1.03043,1.02185,1.03524,1.02694,
574,1.02074,1.01087,1.05783,1.02826,1.04726,1.03117,1.03078,1.0213,1.03465,1.0273,
575,1.02018,1.01208,1.05896,1.02771,1.04837,1.0306,1.03114,1.02076,1.03407,1.02767,
576,1.01962,1.01329,1.06009,1.02716,1.04775,1.03002,1.03149,1.02102,1.03349,1.02803,
577,1.0208,1.0145,1.05948,1.02661,1.04713,1.03118,1.03185,1.02045,1.03291,1.02839,
578,1.02024,1.01397,1.05888,1.02606,1.04651,1.03061,1.0322,1.02161,1.03233,1.02875,
579,1.01969,1.01345,1.05828,1.02552,1.0459,1.03176,1.03255,1.02103,1.03348,1.02738,
580,1.02086,1.01293,1.0594,1.02497,1.047,1.03119,1.0329,1.02046,1.03291,1.02602,
581,1.02031,1.01241,1.0588,1.02443,1.04639,1.03233,1.03325,1.0199,1.03405,1.02638,
582,1.02147,1.01189,1.0582,1.02389,1.04578,1.03176,1.0336,1.02046,1.03519,1.02674,
583,1.02263,1.01137,1.0576,1.02336,1.04688,1.03119,1.03395,1.01993,1.03633,1.0271,
584,1.02208,1.01256,1.05872,1.02453,1.04626,1.03062,1.03429,1.01991,1.03575,1.02745,
585,1.02153,1.01205,1.05812,1.0257,1.04566,1.03006,1.03293,1.02106,1.03518,1.0261,
586,1.02098,1.01153,1.05753,1.02516,1.04505,1.02949,1.03198,1.02049,1.0346,1.02646,
587,1.02043,1.01102,1.05694,1.02463,1.04614,1.02893,1.03143,1.02163,1.03403,1.02512,
588,1.01988,1.01051,1.05635,1.02409,1.04554,1.02837,1.03088,1.02107,1.03516,1.02547,
589,1.02103,1.01,1.05576,1.02525,1.04663,1.02781,1.03203,1.02051,1.03629,1.02583,
590,1.02049,1.00949,1.05518,1.02472,1.04602,1.02895,1.03149,1.01995,1.03572,1.02449,
591,1.01995,1.00899,1.05628,1.02419,1.04542,1.02839,1.03264,1.01939,1.03515,1.02485,
592,1.02109,1.01017,1.0557,1.02366,1.04482,1.02872,1.03209,1.01884,1.03627,1.02352,
593,1.02055,1.00966,1.05512,1.02313,1.04422,1.02818,1.03155,1.01997,1.0357,1.0222,
594,1.02169,1.01084,1.05454,1.02261,1.0453,1.02765,1.03101,1.01941,1.03513,1.02255,
595,1.02283,1.01201,1.05396,1.02208,1.04638,1.02786,1.03215,1.02054,1.03457,1.02291,
596,1.02228,1.01151,1.05506,1.02156,1.04578,1.02731,1.03161,1.02166,1.03401,1.02327,
597,1.02174,1.01268,1.05448,1.02104,1.04686,1.02843,1.03107,1.0211,1.03512,1.02363,
598,1.0212,1.01384,1.05558,1.02052,1.04626,1.02955,1.0322,1.02055,1.03456,1.02231,
599,1.02067,1.01333,1.055,1.02,1.04733,1.029,1.03333,1.02167,1.034,1.02267,
600,1.02013,1.01283,1.05443,1.02115,1.04674,1.02845,1.0328,1.02278,1.03344,1.02136,
601,1.0196,1.01233,1.05385,1.02063,1.0478,1.0279,1.03226,1.02223,1.03455,1.02171,
602,1.01907,1.01182,1.05494,1.02177,1.04721,1.02736,1.03172,1.02167,1.03399,1.02207,
603,1.01854,1.01298,1.05437,1.02126,1.04827,1.02847,1.03119,1.02278,1.03509,1.02242,
604,1.01801,1.01413,1.0538,1.02074,1.04933,1.02793,1.03066,1.02223,1.03619,1.02278,
605,1.01913,1.01528,1.05323,1.02023,1.04874,1.02738,1.03013,1.02333,1.03563,1.02313,
606,1.02025,1.01643,1.05267,1.01972,1.04814,1.02684,1.0296,1.02278,1.03508,1.02183,
607,1.01972,1.01592,1.05211,1.01959,1.04755,1.0263,1.02908,1.02224,1.03453,1.02054,
608,1.0192,1.01542,1.05154,1.02069,1.04696,1.02577,1.02856,1.02199,1.03398,1.01925,
609,1.01867,1.01656,1.05262,1.02015,1.04638,1.02687,1.02803,1.02279,1.03343,1.01961,
610,1.01815,1.01606,1.05206,1.01961,1.04579,1.02633,1.02751,1.0226,1.03288,1.01996,
611,1.01763,1.01556,1.05314,1.01907,1.04521,1.02743,1.02863,1.02209,1.03233,1.01868,
612,1.01874,1.01506,1.05258,1.01853,1.04626,1.0269,1.02811,1.02158,1.03342,1.01903,
613,1.01822,1.01619,1.05202,1.01799,1.04568,1.02799,1.02759,1.0227,1.03288,1.01939,
614,1.0177,1.01569,1.05309,1.01908,1.0451,1.02908,1.02707,1.0222,1.03396,1.01974,
615,1.01881,1.01682,1.05416,1.02017,1.04452,1.02855,1.02656,1.02331,1.03342,1.02009,
616,1.01991,1.01632,1.0536,1.01963,1.04394,1.02801,1.02605,1.02442,1.03287,1.02044,
617,1.01939,1.01583,1.05304,1.0191,1.04337,1.02748,1.02715,1.02392,1.03233,1.02079,
618,1.01887,1.01533,1.0541,1.02018,1.0428,1.02856,1.02664,1.02341,1.03179,1.02114,
619,1.01997,1.01484,1.05516,1.02126,1.04223,1.02803,1.02774,1.02452,1.03126,1.02148,
620,1.01945,1.01435,1.05461,1.02079,1.04166,1.0275,1.02723,1.02562,1.03072,1.02183,
621,1.02054,1.01386,1.05405,1.02029,1.04109,1.02858,1.02672,1.02511,1.03019,1.02217,
622,1.02003,1.01498,1.0535,1.0214,1.04052,1.02805,1.02621,1.02621,1.02966,1.02252,
623,1.01951,1.01449,1.05455,1.02233,1.03996,1.02753,1.02606,1.02571,1.02913,1.02286,
624,1.019,1.014,1.054,1.0234,1.041,1.027,1.0264,1.0268,1.0286,1.0232,
625,1.01849,1.01351,1.05345,1.0231,1.04044,1.02648,1.02673,1.02789,1.02807,1.02194,
626,1.01798,1.01303,1.0529,1.02393,1.03988,1.02595,1.02547,1.02738,1.02755,1.02069,
627,1.01747,1.01255,1.05395,1.02339,1.04091,1.02543,1.02581,1.02688,1.02703,1.01944,
628,1.01697,1.01366,1.0534,1.02286,1.04035,1.02491,1.02614,1.02797,1.0265,1.01819,
629,1.01805,1.01317,1.05286,1.02233,1.03979,1.0244,1.02648,1.02746,1.02598,1.01854,
630,1.01754,1.01269,1.05231,1.02181,1.04082,1.02547,1.02681,1.02696,1.02705,1.0173,
631,1.01704,1.01222,1.05177,1.02286,1.04027,1.02495,1.02714,1.02646,1.02653,1.01765,
632,1.01812,1.01332,1.05123,1.02391,1.04129,1.02443,1.02747,1.02596,1.02601,1.01799,
633,1.01761,1.01284,1.05069,1.02338,1.04074,1.02392,1.0278,1.02546,1.0255,1.01833,
634,1.01711,1.01236,1.05173,1.02286,1.04176,1.02341,1.02813,1.02496,1.02498,1.01868,
635,1.01661,1.01346,1.05119,1.02233,1.0412,1.0229,1.02845,1.02604,1.02604,1.01745,
636,1.01612,1.01455,1.05066,1.02181,1.04065,1.0224,1.02878,1.02554,1.0271,1.01779,
637,1.01718,1.01408,1.05013,1.02129,1.0401,1.02191,1.0291,1.02661,1.02815,1.01656,
638,1.01668,1.0136,1.04959,1.02142,1.03955,1.02142,1.02943,1.02612,1.02764,1.01691,
639,1.01625,1.01312,1.04906,1.0225,1.039,1.02244,1.02975,1.02562,1.02869,1.01569,
640,1.01733,1.01421,1.04853,1.02201,1.04001,1.02349,1.02851,1.02513,1.02817,1.01603,
641,1.01685,1.0153,1.04801,1.02233,1.03947,1.02455,1.02883,1.0262,1.02922,1.01637,
642,1.01638,1.01638,1.04748,1.02181,1.03892,1.02559,1.02916,1.02726,1.0287,1.01672,
643,1.0159,1.01745,1.04696,1.02285,1.03838,1.02664,1.02793,1.02677,1.02819,1.01706,
644,1.01543,1.01698,1.04798,1.02233,1.03784,1.02768,1.02825,1.02628,1.02768,1.01584,
645,1.01634,1.0165,1.04746,1.02337,1.0373,1.02872,1.02857,1.02579,1.02872,1.01619,
646,1.01585,1.01757,1.04694,1.02439,1.03676,1.02976,1.02889,1.02685,1.02976,1.01653,
647,1.0169,1.0171,1.04796,1.02388,1.03622,1.02925,1.02921,1.02636,1.03079,1.01686,
648,1.01641,1.01817,1.04744,1.02336,1.03569,1.02874,1.02953,1.02587,1.03028,1.0172,
649,1.01746,1.01769,1.04692,1.02438,1.03669,1.02823,1.02985,1.02538,1.02977,1.01754,
650,1.01722,1.01722,1.04641,1.02541,1.03616,1.02773,1.03016,1.0249,1.02926,1.01634,
651,1.01675,1.01675,1.04589,1.02489,1.03563,1.02875,1.03048,1.02595,1.02875,1.01667,
652,1.01781,1.01628,1.04538,1.02591,1.03663,1.02978,1.03079,1.027,1.02825,1.01701,
653,1.01734,1.01581,1.04486,1.02692,1.03609,1.0308,1.03111,1.02651,1.02928,1.01735,
654,1.01808,1.01534,1.04435,1.0264,1.03556,1.03182,1.02989,1.02603,1.02877,1.01768,
655,1.01912,1.01488,1.04537,1.02589,1.03504,1.03132,1.03021,1.02555,1.02827,1.01801,
656,1.02016,1.01441,1.04486,1.0269,1.03451,1.03081,1.03052,1.02507,1.02777,1.01682,
657,1.02119,1.01395,1.04587,1.02639,1.03398,1.03031,1.03083,1.02459,1.02727,1.01564,
658,1.02222,1.01501,1.04536,1.02587,1.03346,1.03132,1.02963,1.02411,1.02677,1.01445,
659,1.02324,1.01606,1.04485,1.02536,1.03294,1.03082,1.02994,1.02364,1.02627,1.01479,
660,1.02275,1.0156,1.04434,1.02485,1.03242,1.03032,1.03025,1.02316,1.02578,1.01512,
661,1.02226,1.01514,1.04535,1.02586,1.0319,1.03133,1.02905,1.0242,1.02528,1.01546,
662,1.02178,1.01618,1.04484,1.02686,1.03138,1.03083,1.02786,1.02373,1.0263,1.01579,
663,1.02129,1.01723,1.04584,1.02635,1.03087,1.03033,1.02817,1.02325,1.02731,1.01612,
664,1.02231,1.01677,1.04534,1.02584,1.03035,1.03133,1.02848,1.02278,1.02682,1.01645,
665,1.02182,1.01631,1.04483,1.02534,1.03134,1.03233,1.02879,1.02231,1.02633,1.01528,
666,1.02134,1.01735,1.04583,1.02483,1.03083,1.03333,1.0291,1.02334,1.02584,1.01561,
667,1.02086,1.01838,1.04533,1.02583,1.03032,1.03283,1.02941,1.02287,1.02535,1.01444,
668,1.02038,1.01792,1.04483,1.02532,1.0313,1.03383,1.02972,1.0239,1.02635,1.01328,
669,1.02139,1.01746,1.04433,1.02631,1.03228,1.03333,1.02854,1.02493,1.02587,1.01361,
670,1.02091,1.01849,1.04383,1.02581,1.03177,1.03432,1.02885,1.02446,1.02538,1.01245,
671,1.02043,1.01804,1.04482,1.02531,1.03275,1.03531,1.02915,1.02399,1.02489,1.01279,
672,1.01995,1.01906,1.04581,1.02481,1.03373,1.03481,1.02798,1.02352,1.02589,1.01312,
673,1.01947,1.02009,1.0468,1.02431,1.03321,1.03431,1.0268,1.02306,1.02689,1.01345,
674,1.02048,1.01963,1.0463,1.0253,1.0327,1.03381,1.02711,1.02259,1.02641,1.01378,
675,1.02149,1.01917,1.04728,1.02509,1.03367,1.0348,1.02742,1.02213,1.02592,1.01263,
676,1.02249,1.01871,1.04678,1.0261,1.03464,1.0343,1.02773,1.02315,1.02544,1.01148,
677,1.02201,1.01826,1.04628,1.02711,1.03413,1.03381,1.02804,1.02268,1.02496,1.01181,
678,1.02153,1.01781,1.04726,1.02664,1.03362,1.03332,1.02834,1.02222,1.02448,1.01067,
679,1.02106,1.01735,1.04676,1.02618,1.03312,1.03282,1.02865,1.02176,1.02547,1.01106,
680,1.02059,1.0169,1.04627,1.02718,1.03408,1.03233,1.02895,1.02278,1.02646,1.01205,
681,1.02011,1.01792,1.04578,1.02818,1.03357,1.03184,1.02926,1.02378,1.02745,1.01305,
682,1.01964,1.01747,1.04675,1.02918,1.03307,1.03136,1.02956,1.02332,1.02696,1.01257,
683,1.01918,1.01848,1.04626,1.03018,1.03403,1.03233,1.0284,1.02433,1.02649,1.0121,
684,1.01871,1.01949,1.04577,1.02971,1.03353,1.03185,1.0287,1.02387,1.02601,1.01163,
685,1.0197,1.0205,1.04528,1.02924,1.03302,1.03282,1.029,1.02487,1.02699,1.01116,
686,1.01923,1.02004,1.04479,1.02878,1.03252,1.03233,1.02785,1.02441,1.02651,1.01069,
687,1.01877,1.01959,1.0443,1.02831,1.03202,1.03185,1.0267,1.02541,1.02603,1.01167,
688,1.0183,1.01914,1.04382,1.02785,1.03153,1.03137,1.027,1.0264,1.02701,1.01121,
689,1.01784,1.0187,1.04478,1.02739,1.03248,1.03088,1.02594,1.02594,1.02654,1.01219,
690,1.01883,1.0197,1.0443,1.02693,1.03198,1.03185,1.02693,1.02548,1.02751,1.01172,
691,1.01836,1.01925,1.04526,1.02792,1.03149,1.03137,1.02792,1.02503,1.02848,1.01125,
692,1.01935,1.02025,1.04478,1.02746,1.03099,1.03089,1.02746,1.02457,1.028,1.01079,
693,1.01888,1.02124,1.04429,1.027,1.0305,1.03185,1.027,1.02556,1.02753,1.01177,
694,1.01986,1.02079,1.04525,1.02799,1.03145,1.03137,1.02799,1.02655,1.02706,1.0113,
695,1.0194,1.02034,1.04477,1.02753,1.03095,1.0309,1.02753,1.02609,1.02802,1.01084,
696,1.02038,1.02133,1.04429,1.02707,1.0319,1.03042,1.02707,1.02564,1.02755,1.01181,
697,1.01992,1.02089,1.04381,1.02805,1.03284,1.02995,1.02662,1.02662,1.02851,1.01278,
698,1.02089,1.02187,1.04333,1.02903,1.03235,1.02947,1.02617,1.0276,1.02804,1.01232,
699,1.02043,1.02143,1.04286,1.03,1.03186,1.029,1.02571,1.02714,1.02757,1.01186,
700,1.01997,1.02098,1.04381,1.02954,1.03279,1.02996,1.02669,1.02669,1.0271,1.01282,
701,1.01951,1.02054,1.04476,1.02909,1.0323,1.02948,1.02766,1.02766,1.02664,1.01236,
702,1.01906,1.02152,1.04428,1.02863,1.03182,1.02901,1.02863,1.02721,1.02617,1.0119,
703,1.02002,1.02108,1.04523,1.02818,1.03133,1.02855,1.02818,1.02676,1.0257,1.01151,
704,1.01957,1.02206,1.04475,1.02773,1.03084,1.02808,1.02915,1.02631,1.02524,1.01099,
705,1.01911,1.02303,1.04428,1.02728,1.03036,1.02761,1.0287,1.02586,1.0262,1.0107,
706,1.02007,1.024,1.0438,1.02683,1.02988,1.02715,1.02966,1.02683,1.02573,1.01007,
707,1.01962,1.02356,1.04475,1.02638,1.0294,1.0281,1.02921,1.0278,1.02527,1.01103,
708,1.02058,1.02312,1.04427,1.02594,1.03033,1.02763,1.03017,1.02876,1.02481,1.01058,
709,1.02154,1.02268,1.0438,1.0269,1.02985,1.02717,1.03113,1.02831,1.02435,1.01154,
710,1.02108,1.02224,1.04333,1.02646,1.02937,1.02811,1.03068,1.02927,1.02389,1.01249,
711,1.02203,1.0218,1.04287,1.02601,1.02889,1.02765,1.03022,1.02882,1.02344,1.01344,
712,1.02158,1.02276,1.0424,1.02557,1.02841,1.02719,1.03118,1.02837,1.02439,1.01298,
713,1.02253,1.02232,1.04193,1.02513,1.02794,1.02673,1.03073,1.02793,1.02393,1.01253,
714,1.02208,1.02189,1.04287,1.02469,1.02746,1.02767,1.03168,1.02748,1.02348,1.01208,
715,1.02163,1.02145,1.0438,1.02425,1.02699,1.02721,1.03123,1.02844,1.02302,1.01302,
716,1.02118,1.02102,1.04333,1.0252,1.02652,1.02675,1.03078,1.02799,1.02257,1.01257,
717,1.02073,1.02198,1.04287,1.02476,1.02605,1.0263,1.03033,1.02755,1.02212,1.01351,
718,1.02028,1.02154,1.04241,1.02572,1.02558,1.02723,1.02989,1.0285,1.02306,1.01445,
719,1.02122,1.02111,1.04333,1.02667,1.02511,1.02678,1.03083,1.02806,1.02261,1.014,
720,1.02216,1.02207,1.04287,1.02761,1.02603,1.02632,1.03039,1.02761,1.02216,1.01355,
721,1.02171,1.02163,1.04241,1.02717,1.02557,1.02725,1.03133,1.02717,1.0231,1.0131,
722,1.02265,1.0212,1.04195,1.02812,1.0251,1.0268,1.03089,1.02674,1.02265,1.01265,
723,1.0222,1.02077,1.04149,1.02768,1.02464,1.02635,1.03044,1.0263,1.0222,1.01359,
724,1.02176,1.02172,1.04103,1.02724,1.02555,1.0259,1.03,1.02586,1.02176,1.01452,
725,1.02131,1.02129,1.04058,1.02818,1.02509,1.02545,1.02956,1.02543,1.02131,1.01407,
726,1.02087,1.02224,1.04012,1.02774,1.02463,1.025,1.02912,1.02637,1.02225,1.01362,
727,1.02043,1.02181,1.03967,1.02731,1.02416,1.02455,1.03005,1.02593,1.0218,1.01455,
728,1.02136,1.02139,1.04059,1.02824,1.02371,1.02547,1.03099,1.0255,1.02136,1.01547,
729,1.02092,1.02096,1.04014,1.02781,1.02325,1.02503,1.03192,1.02507,1.02092,1.01503,
730,1.02185,1.02053,1.03969,1.02737,1.02279,1.02458,1.03148,1.02464,1.02048,1.01458,
731,1.02277,1.02011,1.03923,1.02694,1.0237,1.0255,1.03104,1.02557,1.0214,1.01414,
732,1.02233,1.01969,1.03879,1.02651,1.02461,1.02642,1.03196,1.02651,1.02096,1.01369,
733,1.02189,1.01926,1.03834,1.02608,1.02415,1.02598,1.03153,1.02744,1.02053,1.01325,
734,1.02145,1.01884,1.03789,1.02565,1.02505,1.02553,1.03245,1.02701,1.02009,1.01417,
735,1.02101,1.01842,1.0388,1.02596,1.0246,1.02645,1.03337,1.02793,1.01965,1.01373,
736,1.02193,1.01936,1.03972,1.02615,1.0255,1.026,1.03293,1.0275,1.02057,1.01464,
737,1.02149,1.01894,1.03927,1.02572,1.0264,1.02556,1.03385,1.02843,1.02014,1.01556,
738,1.02106,1.01853,1.03882,1.02594,1.02729,1.02647,1.03476,1.02935,1.0197,1.01647,
739,1.02062,1.01946,1.03838,1.02549,1.02684,1.02603,1.03432,1.02892,1.01927,1.01603,
740,1.02019,1.02039,1.03794,1.02579,1.02638,1.02559,1.03389,1.02984,1.01884,1.01559,
741,1.0211,1.02132,1.03884,1.02536,1.02593,1.02515,1.03345,1.02941,1.01841,1.01649,
742,1.02067,1.02225,1.03974,1.02629,1.02682,1.02605,1.03436,1.03032,1.01798,1.01605,
743,1.02024,1.02183,1.0393,1.0272,1.02637,1.02696,1.03392,1.02989,1.01889,1.01561,
744,1.01981,1.02141,1.03886,1.02678,1.02591,1.02652,1.03349,1.02946,1.01981,1.01652,
745,1.02072,1.02233,1.03842,1.02769,1.02546,1.02608,1.03306,1.03038,1.01938,1.01608,
746,1.02029,1.02191,1.03932,1.02727,1.02501,1.02698,1.03396,1.02995,1.02029,1.01564,
747,1.01986,1.0215,1.03888,1.02818,1.02456,1.02654,1.03353,1.02952,1.02119,1.01654,
748,1.02076,1.02242,1.03977,1.02776,1.02411,1.02744,1.0331,1.02909,1.02076,1.0161,
749,1.02033,1.02333,1.03933,1.02733,1.025,1.02833,1.034,1.02867,1.02167,1.017,
750,1.01991,1.02292,1.03889,1.02691,1.02455,1.02789,1.03357,1.02824,1.02124,1.01656,
751,1.01948,1.0225,1.03979,1.02782,1.02544,1.02746,1.03314,1.02782,1.02081,1.01613,
752,1.01905,1.02208,1.03935,1.0274,1.02499,1.02835,1.03404,1.0274,1.02038,1.01569,
753,1.01863,1.023,1.03891,1.02698,1.02454,1.02924,1.03493,1.02698,1.01995,1.01526,
754,1.01821,1.02258,1.03848,1.02656,1.0241,1.03013,1.0345,1.02656,1.01953,1.01483,
755,1.01778,1.02349,1.03804,1.02614,1.02366,1.02969,1.0354,1.02614,1.01911,1.0144,
756,1.01868,1.0244,1.03761,1.02572,1.02321,1.02925,1.03629,1.02572,1.01868,1.01529,
757,1.01826,1.02398,1.0385,1.0253,1.02409,1.02882,1.03586,1.0253,1.01958,1.01486,
758,1.01784,1.02357,1.03806,1.02489,1.02497,1.02838,1.03543,1.02489,1.01916,1.01443,
759,1.01874,1.02316,1.03895,1.02447,1.02584,1.02795,1.035,1.02579,1.01874,1.014,
760,1.01832,1.02275,1.03852,1.02406,1.0254,1.02752,1.03457,1.02537,1.01832,1.01489,
761,1.01921,1.02365,1.03808,1.02365,1.02627,1.02708,1.03415,1.02496,1.0179,1.01446,
762,1.01879,1.02324,1.03765,1.02324,1.02583,1.02665,1.03372,1.02455,1.01748,1.01534,
763,1.01837,1.02414,1.03723,1.02283,1.02539,1.02623,1.0333,1.02414,1.01706,1.01492,
764,1.01795,1.02373,1.0381,1.02242,1.02495,1.0258,1.03288,1.02373,1.01795,1.0158,
765,1.01754,1.02332,1.03898,1.02201,1.02581,1.02537,1.03245,1.02332,1.01754,1.01537,
766,1.01712,1.02291,1.03986,1.0216,1.02538,1.02495,1.03203,1.02291,1.01712,1.01495,
767,1.01801,1.0225,1.03943,1.02233,1.02494,1.02452,1.03161,1.0225,1.01671,1.01452,
768,1.0176,1.02209,1.039,1.0219,1.0258,1.0241,1.0312,1.02209,1.0163,1.0141,
769,1.01718,1.02169,1.03987,1.02147,1.02536,1.02368,1.03078,1.02169,1.01588,1.01497,
770,1.01677,1.02128,1.04074,1.02104,1.02622,1.02455,1.03036,1.02258,1.01547,1.01585,
771,1.01765,1.02088,1.04031,1.0219,1.02579,1.02413,1.03124,1.02218,1.01636,1.01542,
772,1.01724,1.02048,1.04118,1.02147,1.02535,1.02371,1.03083,1.02177,1.01595,1.0163,
773,1.01683,1.02137,1.04075,1.02233,1.02621,1.02458,1.03041,1.02266,1.01554,1.01587,
774,1.01665,1.02226,1.04032,1.0219,1.02577,1.02545,1.03,1.02226,1.01513,1.01545,
775,1.01693,1.02186,1.04119,1.02147,1.02534,1.02503,1.02959,1.02314,1.01601,1.01632,
776,1.01721,1.02274,1.04076,1.02105,1.02491,1.02461,1.02918,1.02403,1.0156,1.0159,
777,1.01777,1.02234,1.04033,1.02105,1.02576,1.02419,1.02877,1.02491,1.0152,1.01676,
778,1.01736,1.02194,1.03991,1.02194,1.02533,1.02506,1.02836,1.02451,1.01479,1.01634,
779,1.01695,1.02282,1.04077,1.02154,1.0249,1.02464,1.02923,1.0241,1.01438,1.01592,
780,1.01654,1.02242,1.04035,1.02242,1.02447,1.02422,1.0301,1.02498,1.01398,1.0155,
781,1.01614,1.0233,1.03992,1.02202,1.02404,1.02381,1.02969,1.02458,1.01358,1.01637,
782,1.01701,1.02418,1.0395,1.02162,1.02489,1.02339,1.03056,1.02418,1.01318,1.01595,
783,1.0166,1.02378,1.03908,1.02122,1.02446,1.02426,1.03015,1.02505,1.01278,1.01553,
784,1.0162,1.02338,1.03994,1.02083,1.02403,1.02511,1.02975,1.02465,1.01365,1.01511,
785,1.01707,1.02298,1.03952,1.02043,1.02488,1.02597,1.03061,1.02552,1.01325,1.0147,
786,1.01666,1.02385,1.0391,1.02004,1.02445,1.02556,1.0302,1.02512,1.01285,1.01556,
787,1.01646,1.02345,1.03868,1.01964,1.02403,1.02641,1.0298,1.02599,1.01372,1.01641,
788,1.01674,1.02305,1.03826,1.01925,1.02487,1.026,1.02939,1.02559,1.01332,1.016,
789,1.01701,1.02392,1.03785,1.01886,1.02444,1.02558,1.02899,1.02519,1.01419,1.01558,
790,1.01729,1.02353,1.03743,1.01896,1.02528,1.02643,1.02985,1.02479,1.01506,1.01517,
791,1.01757,1.02313,1.03702,1.01855,1.02486,1.02728,1.02944,1.02439,1.01466,1.01476,
792,1.01784,1.024,1.03661,1.01939,1.0257,1.02813,1.02904,1.024,1.01552,1.01435,
793,1.01686,1.0236,1.0362,1.01982,1.02527,1.02772,1.02864,1.0236,1.01512,1.0152,
794,1.01598,1.02447,1.03704,1.02069,1.02485,1.02856,1.02824,1.02321,1.01598,1.01479,
795,1.01615,1.02533,1.03663,1.02066,1.02443,1.02815,1.02784,1.02281,1.01558,1.01563,
796,1.01615,1.02493,1.03622,1.02024,1.02401,1.02773,1.02744,1.02242,1.01644,1.01522,
797,1.01604,1.02454,1.03707,1.01983,1.02359,1.02857,1.02704,1.02203,1.01604,1.01607,
798,1.0169,1.02414,1.03666,1.02039,1.02442,1.02816,1.02665,1.02164,1.0169,1.01566,
799,1.0165,1.02375,1.0375,1.02,1.024,1.029,1.0275,1.02125,1.0165,1.0165,
800,1.0161,1.02461,1.03834,1.01961,1.02483,1.02859,1.0271,1.02086,1.0161,1.01609,
801,1.01696,1.02421,1.03793,1.01923,1.02441,1.02818,1.02671,1.02172,1.01571,1.01568,
802,1.0178,1.02382,1.03877,1.01884,1.02399,1.02777,1.02756,1.02133,1.01531,1.01528,
803,1.01741,1.02468,1.03836,1.01846,1.02358,1.02736,1.02841,1.02219,1.01492,1.01611,
804,1.01825,1.02553,1.03795,1.01819,1.02316,1.02695,1.02801,1.0218,1.01577,1.01695,
805,1.01786,1.02514,1.03754,1.01778,1.02275,1.02778,1.02762,1.02266,1.01538,1.01778,
806,1.01746,1.02475,1.03714,1.01855,1.02233,1.02862,1.02722,1.02227,1.01499,1.01862,
807,1.01707,1.02436,1.03673,1.01821,1.02192,1.02821,1.02807,1.02188,1.01459,1.01945,
808,1.01668,1.02397,1.03633,1.0178,1.02275,1.0278,1.02768,1.02273,1.01544,1.02027,
809,1.01628,1.02358,1.03593,1.01741,1.02233,1.0274,1.02728,1.02235,1.01628,1.01986,
810,1.01713,1.02319,1.03552,1.01822,1.02192,1.02822,1.02813,1.02319,1.01589,1.01946,
811,1.01673,1.02404,1.03512,1.01782,1.02274,1.02782,1.02773,1.02281,1.0155,1.02028,
812,1.01634,1.02488,1.03472,1.01741,1.02233,1.02864,1.02734,1.02242,1.01511,1.0211,
813,1.01595,1.02572,1.03432,1.01824,1.02192,1.02824,1.02818,1.02204,1.01595,1.0207,
814,1.01679,1.02534,1.03515,1.01906,1.02152,1.02906,1.02779,1.02166,1.01679,1.02029,
815,1.01763,1.02495,1.03475,1.01988,1.02111,1.02866,1.02863,1.0225,1.0164,1.01988,
816,1.01724,1.02579,1.03558,1.01948,1.0207,1.02825,1.02946,1.02212,1.01601,1.01948,
817,1.01685,1.0254,1.03518,1.01907,1.02152,1.02785,1.02907,1.02174,1.01563,1.0203,
818,1.01646,1.02624,1.03601,1.01867,1.02111,1.02867,1.02868,1.02136,1.01524,1.02111,
819,1.01607,1.02707,1.03561,1.01827,1.02071,1.02949,1.02829,1.02098,1.01607,1.02071,
820,1.01569,1.02669,1.03521,1.01787,1.0203,1.02909,1.02912,1.0206,1.01569,1.0203,
821,1.01535,1.0263,1.03603,1.01747,1.0199,1.02868,1.02995,1.02022,1.0153,1.0199,
822,1.0162,1.02592,1.03564,1.01707,1.0195,1.02828,1.03078,1.02106,1.01492,1.02071,
823,1.01704,1.02553,1.03524,1.01788,1.0191,1.02788,1.03039,1.02068,1.01575,1.02031,
824,1.01788,1.02515,1.03485,1.0187,1.0187,1.02748,1.03,1.02152,1.01536,1.01991,
825,1.01751,1.02477,1.03567,1.0183,1.0183,1.02709,1.02961,1.02114,1.01498,1.02072,
826,1.01713,1.02439,1.03527,1.01911,1.0179,1.02669,1.02923,1.02076,1.01581,1.02032,
827,1.01676,1.02522,1.03488,1.01871,1.0175,1.0275,1.02884,1.02039,1.01543,1.02113,
828,1.0176,1.02484,1.03449,1.01831,1.01711,1.02831,1.02846,1.02122,1.01504,1.02072,
829,1.01723,1.02446,1.0341,1.01792,1.01792,1.02792,1.02807,1.02084,1.01466,1.02033,
830,1.01686,1.02408,1.03371,1.01752,1.01752,1.02872,1.02769,1.02167,1.01428,1.01993,
831,1.01649,1.0237,1.03332,1.01833,1.01712,1.02833,1.02851,1.0213,1.0139,1.01953,
832,1.01612,1.02453,1.03293,1.01913,1.01793,1.02913,1.02933,1.02092,1.01353,1.01913,
833,1.01576,1.02415,1.03254,1.01874,1.01754,1.02994,1.02894,1.02055,1.01315,1.01874,
834,1.01659,1.02377,1.03335,1.01834,1.01714,1.03074,1.02856,1.02138,1.01277,1.01834,
835,1.01622,1.0234,1.03297,1.01795,1.01675,1.03034,1.02818,1.021,1.0124,1.01795,
836,1.01585,1.02302,1.03258,1.01875,1.01636,1.02994,1.0278,1.02063,1.01322,1.01755,
837,1.01549,1.02384,1.03339,1.01836,1.01597,1.02955,1.02862,1.02026,1.01284,1.01716,
838,1.01604,1.02347,1.033,1.01796,1.01558,1.02915,1.02943,1.01989,1.01247,1.01677,
839,1.01567,1.0231,1.03262,1.01757,1.01519,1.02876,1.02905,1.02071,1.01329,1.01638,
840,1.01648,1.02391,1.03224,1.01718,1.0148,1.02837,1.02867,1.02153,1.01291,1.01718,
841,1.01729,1.02354,1.03185,1.01679,1.01442,1.02917,1.02829,1.02116,1.01373,1.01679,
842,1.0181,1.02317,1.03147,1.0164,1.01403,1.02877,1.02791,1.02079,1.01335,1.0164,
843,1.01772,1.0228,1.03227,1.01601,1.01364,1.02838,1.02872,1.02043,1.01417,1.0172,
844,1.01853,1.02243,1.03189,1.01563,1.01326,1.02799,1.02953,1.02124,1.01498,1.01681,
845,1.01815,1.02324,1.03151,1.01524,1.01288,1.02879,1.02915,1.02087,1.01578,1.01642,
846,1.01777,1.02287,1.03113,1.01486,1.01249,1.02958,1.02877,1.02169,1.01659,1.01604,
847,1.0174,1.02368,1.03075,1.01565,1.01211,1.03037,1.0284,1.02132,1.01622,1.01565,
848,1.01702,1.02449,1.03038,1.01527,1.01271,1.03116,1.02802,1.02095,1.01584,1.01527,
849,1.01665,1.02412,1.03,1.01488,1.01253,1.03076,1.02882,1.02059,1.01665,1.01488,
850,1.01745,1.02492,1.02962,1.0145,1.01215,1.03037,1.02845,1.0214,1.01627,1.01567,
851,1.01708,1.02455,1.02925,1.01412,1.01282,1.02999,1.02808,1.02221,1.0159,1.01646,
852,1.0167,1.02536,1.03005,1.01491,1.01363,1.0296,1.0277,1.02184,1.01553,1.01608,
853,1.01633,1.02616,1.02967,1.01453,1.01328,1.02921,1.02733,1.02148,1.01516,1.0157,
854,1.01596,1.02579,1.0293,1.01479,1.01292,1.02999,1.02813,1.02228,1.01479,1.01532,
855,1.01559,1.02542,1.02893,1.01442,1.01374,1.02961,1.02776,1.02192,1.01442,1.0161,
856,1.01522,1.02622,1.02855,1.01522,1.01338,1.03039,1.02739,1.02155,1.01405,1.01572,
857,1.01536,1.02585,1.02818,1.01485,1.0142,1.03,1.02702,1.02235,1.01369,1.01651,
858,1.01501,1.02548,1.02781,1.01565,1.01384,1.02962,1.02781,1.02315,1.01448,1.01612,
859,1.01581,1.02512,1.02744,1.01528,1.01465,1.02923,1.0286,1.02395,1.01412,1.01691,
860,1.01546,1.02591,1.02707,1.01491,1.0143,1.02885,1.02823,1.02359,1.01375,1.01653,
861,1.01571,1.02555,1.02787,1.01571,1.01394,1.02847,1.02903,1.02323,1.01455,1.01615,
862,1.0165,1.02634,1.0275,1.01534,1.01359,1.02924,1.02866,1.02286,1.01418,1.01577,
863,1.01613,1.02597,1.02713,1.01539,1.01324,1.03002,1.02829,1.0225,1.01497,1.01539,
864,1.01576,1.02676,1.02792,1.01501,1.01289,1.02964,1.02792,1.02214,1.01576,1.01501,
865,1.0154,1.02755,1.02755,1.0154,1.01254,1.03041,1.02755,1.02178,1.01655,1.01579,
866,1.01503,1.02719,1.02834,1.01541,1.01311,1.03118,1.02719,1.02257,1.01619,1.01541,
867,1.0153,1.02682,1.02797,1.01619,1.01273,1.0308,1.02797,1.02221,1.01697,1.01504,
868,1.01495,1.02646,1.02876,1.01581,1.01351,1.03042,1.02761,1.02185,1.01661,1.01581,
869,1.01575,1.02609,1.02839,1.01659,1.01429,1.03003,1.02724,1.02264,1.01624,1.01544,
870,1.0154,1.02573,1.02803,1.01621,1.01391,1.02965,1.02803,1.02343,1.01588,1.01621,
871,1.01505,1.02537,1.02881,1.01698,1.01469,1.02928,1.02766,1.02307,1.01551,1.01698,
872,1.0147,1.02615,1.02844,1.01661,1.01432,1.03004,1.02844,1.02386,1.0163,1.01775,
873,1.01435,1.02579,1.02808,1.01623,1.01509,1.02966,1.02808,1.02465,1.01593,1.01738,
874,1.01514,1.02543,1.02771,1.01586,1.01471,1.02929,1.02771,1.02429,1.01671,1.01814,
875,1.01479,1.02621,1.02735,1.01548,1.01434,1.02891,1.02735,1.02393,1.01635,1.01891,
876,1.01445,1.02585,1.02813,1.01511,1.01511,1.02967,1.02813,1.02471,1.01599,1.01853,
877,1.01524,1.02549,1.02777,1.01474,1.01588,1.03044,1.02777,1.02549,1.01563,1.0193,
878,1.01603,1.02627,1.02854,1.01437,1.01551,1.03006,1.02741,1.02513,1.01527,1.01892,
879,1.01682,1.02591,1.02932,1.014,1.01627,1.03082,1.02818,1.02477,1.01491,1.01855,
880,1.01647,1.02669,1.02896,1.01363,1.0159,1.03158,1.02782,1.02555,1.01455,1.01817,
881,1.01612,1.02746,1.02859,1.01419,1.01553,1.03233,1.02859,1.02519,1.01419,1.01893,
882,1.01578,1.02823,1.02937,1.01384,1.01516,1.03196,1.02937,1.02484,1.01497,1.01856,
883,1.01656,1.029,1.029,1.01461,1.01479,1.03271,1.029,1.02448,1.01461,1.01932,
884,1.01621,1.02864,1.02864,1.01538,1.01442,1.03346,1.02864,1.02412,1.01425,1.01894,
885,1.01587,1.02828,1.02828,1.01503,1.01406,1.03309,1.02941,1.02377,1.0139,1.01857,
886,1.01552,1.02793,1.02793,1.01467,1.01369,1.03271,1.03018,1.02342,1.01354,1.0182,
887,1.01518,1.02757,1.02757,1.01432,1.01445,1.03233,1.03095,1.02306,1.01432,1.01895,
888,1.01484,1.02834,1.02834,1.01408,1.01521,1.03196,1.03058,1.02384,1.01509,1.01858,
889,1.01562,1.02798,1.0291,1.01484,1.01597,1.03158,1.03022,1.02348,1.01473,1.01934,
890,1.01527,1.02762,1.02874,1.01448,1.0156,1.03121,1.02987,1.02425,1.0155,1.01897,
891,1.01493,1.02839,1.02839,1.01411,1.01523,1.03196,1.02951,1.02502,1.01514,1.0186,
892,1.01459,1.02803,1.02803,1.01487,1.01487,1.03159,1.02915,1.02467,1.01479,1.01823,
893,1.01425,1.02767,1.02767,1.0145,1.0145,1.03233,1.02879,1.02432,1.01555,1.01786,
894,1.01503,1.02732,1.02732,1.01414,1.01526,1.03308,1.02955,1.02508,1.0152,1.01861,
895,1.01469,1.02808,1.02696,1.01378,1.01489,1.03271,1.0292,1.02473,1.01485,1.01824,
896,1.0145,1.02773,1.02661,1.01453,1.01453,1.03233,1.02996,1.0255,1.0145,1.01787,
897,1.0144,1.02737,1.02626,1.01417,1.01417,1.03196,1.0296,1.02514,1.01414,1.01751,
898,1.01464,1.02702,1.02591,1.01381,1.01381,1.03159,1.02924,1.02591,1.01379,1.01825,
899,1.01489,1.02778,1.02556,1.01344,1.01456,1.03233,1.02889,1.02667,1.01344,1.01789,
900,1.01522,1.02743,1.02632,1.01308,1.0153,1.03196,1.02964,1.02632,1.01421,1.01752,
901,1.01599,1.02707,1.02596,1.01377,1.01494,1.0327,1.0304,1.02596,1.01386,1.01716,
902,1.01565,1.02783,1.02561,1.01454,1.01565,1.03344,1.03115,1.02561,1.01351,1.0179,
903,1.01531,1.02748,1.02637,1.01531,1.01531,1.03418,1.0308,1.02637,1.01427,1.01754,
904,1.01497,1.02713,1.02602,1.01497,1.01497,1.03381,1.03155,1.02602,1.01392,1.01828,
905,1.01574,1.02788,1.02567,1.01464,1.01464,1.03344,1.03119,1.02678,1.01357,1.01902,
906,1.0154,1.02863,1.02533,1.0143,1.01535,1.03417,1.03084,1.02753,1.01433,1.01866,
907,1.01507,1.02828,1.02608,1.01398,1.01499,1.0338,1.03159,1.02718,1.01508,1.0183,
908,1.01473,1.02903,1.02683,1.01473,1.01463,1.03343,1.03123,1.02683,1.01583,1.01793,
909,1.01549,1.02868,1.02648,1.01438,1.0144,1.03307,1.03198,1.02648,1.01548,1.01867,
910,1.01516,1.02833,1.02614,1.01404,1.01502,1.0327,1.03272,1.02614,1.01514,1.01831,
911,1.01592,1.02798,1.02689,1.01479,1.01466,1.03343,1.03346,1.02579,1.01589,1.01904,
912,1.01559,1.02763,1.02763,1.01444,1.0143,1.03306,1.03311,1.02654,1.01554,1.01868,
913,1.01635,1.02838,1.02729,1.01504,1.01416,1.0327,1.03276,1.02619,1.01519,1.01832,
914,1.01601,1.02913,1.02694,1.01578,1.01492,1.03233,1.0335,1.02585,1.01594,1.01796,
915,1.01677,1.02878,1.02659,1.01542,1.01568,1.03306,1.03314,1.0255,1.01559,1.0176,
916,1.01752,1.02952,1.02625,1.01525,1.01534,1.03379,1.03388,1.02516,1.01525,1.01724,
917,1.01719,1.02917,1.0259,1.0149,1.01501,1.03342,1.03353,1.02481,1.01599,1.01798,
918,1.01686,1.02882,1.02556,1.01544,1.01577,1.03306,1.03318,1.02556,1.01674,1.01762,
919,1.01652,1.02957,1.02522,1.01617,1.01543,1.03378,1.03391,1.0263,1.01748,1.01726,
920,1.01727,1.0303,1.02488,1.0169,1.01619,1.03342,1.03356,1.02705,1.01822,1.0169,
921,1.01694,1.03104,1.02453,1.01763,1.01586,1.03414,1.03321,1.02779,1.01787,1.01655,
922,1.01661,1.03069,1.02528,1.01728,1.01553,1.03486,1.03286,1.02853,1.01861,1.01728,
923,1.01736,1.03143,1.02602,1.01692,1.01519,1.0345,1.03251,1.02818,1.01935,1.01692,
924,1.01811,1.03108,1.02568,1.01765,1.01486,1.03414,1.03216,1.02784,1.02008,1.01657,
925,1.01778,1.03073,1.02641,1.01729,1.01454,1.03377,1.03289,1.02857,1.01973,1.01621,
926,1.01852,1.03039,1.02607,1.01802,1.01421,1.03341,1.03362,1.02823,1.01939,1.01586,
927,1.01819,1.03004,1.02573,1.01766,1.01496,1.03305,1.03328,1.02789,1.01904,1.01551,
928,1.01893,1.0297,1.02539,1.01731,1.01463,1.03269,1.03293,1.02755,1.0187,1.01623,
929,1.01968,1.02935,1.02505,1.01696,1.01538,1.03233,1.03258,1.02828,1.01943,1.01588,
930,1.01934,1.02901,1.02579,1.01768,1.01505,1.03198,1.03331,1.02901,1.01909,1.01553,
931,1.01901,1.02974,1.02545,1.01733,1.01472,1.03269,1.03296,1.02974,1.01874,1.01518,
932,1.01975,1.0294,1.02511,1.01805,1.01483,1.03233,1.03262,1.0294,1.0184,1.0159,
933,1.01942,1.02906,1.02478,1.01769,1.01448,1.03198,1.03227,1.02906,1.01806,1.01555,
934,1.01909,1.02872,1.02444,1.01734,1.01413,1.03162,1.03193,1.02872,1.01879,1.0152,
935,1.01876,1.02838,1.0241,1.01699,1.01379,1.03126,1.03158,1.02838,1.01844,1.01592,
936,1.0195,1.0291,1.02377,1.01664,1.01344,1.03091,1.03231,1.02804,1.0181,1.01664,
937,1.01917,1.02876,1.0245,1.01629,1.01416,1.03056,1.03196,1.02876,1.01776,1.01629,
938,1.01884,1.02949,1.02416,1.01701,1.01381,1.0302,1.03268,1.02842,1.01742,1.01594,
939,1.01851,1.02915,1.02489,1.01666,1.01453,1.02985,1.03234,1.02915,1.01709,1.01666,
940,1.01818,1.02881,1.02456,1.01631,1.01419,1.0295,1.032,1.02987,1.01781,1.01631,
941,1.01786,1.02847,1.02423,1.01596,1.01384,1.02915,1.03166,1.02953,1.01747,1.01703,
942,1.01753,1.02813,1.02495,1.01562,1.01456,1.0288,1.03131,1.02919,1.01713,1.01668,
943,1.0172,1.02886,1.02462,1.01633,1.01527,1.02951,1.03203,1.02886,1.0168,1.01633,
944,1.01688,1.02852,1.02429,1.01704,1.01493,1.03022,1.03169,1.02852,1.01752,1.01598,
945,1.01655,1.02818,1.02501,1.0167,1.01458,1.02987,1.03241,1.02818,1.01824,1.01564,
946,1.01623,1.02785,1.02468,1.01741,1.01424,1.02952,1.03313,1.02785,1.0179,1.01529,
947,1.01591,1.02857,1.02435,1.01811,1.01495,1.02917,1.03384,1.02751,1.01862,1.01495,
948,1.01664,1.02928,1.02401,1.01777,1.01461,1.02882,1.03455,1.02718,1.01828,1.01461,
949,1.01632,1.02895,1.02368,1.01742,1.01426,1.02847,1.03421,1.02684,1.01795,1.01426,
950,1.01705,1.02966,1.02335,1.01708,1.01497,1.02918,1.03387,1.02756,1.01866,1.01392,
951,1.01777,1.03038,1.02303,1.01673,1.01463,1.02883,1.03353,1.02723,1.01938,1.01358,
952,1.01745,1.03004,1.02375,1.01639,1.01534,1.02849,1.03319,1.02689,1.01904,1.01429,
953,1.01713,1.02971,1.02342,1.01709,1.01604,1.02814,1.03285,1.02656,1.01871,1.01395,
954,1.01681,1.02937,1.02309,1.0178,1.0157,1.0278,1.03251,1.02728,1.01837,1.01361,
955,1.01649,1.03008,1.02381,1.01745,1.01536,1.02745,1.03218,1.02695,1.01804,1.01431,
956,1.01666,1.02975,1.02348,1.01711,1.01502,1.02711,1.03184,1.02661,1.01875,1.01397,
957,1.01737,1.02942,1.02315,1.01781,1.01572,1.02677,1.03255,1.02733,1.01946,1.01468,
958,1.01808,1.02908,1.02387,1.01747,1.01538,1.02642,1.03221,1.02804,1.01913,1.01538,
959,1.01833,1.02875,1.02354,1.01712,1.01504,1.02712,1.03187,1.02875,1.01983,1.01504,
960,1.01846,1.02842,1.02322,1.01678,1.0147,1.02678,1.03154,1.02842,1.0195,1.01574,
961,1.01813,1.02809,1.02289,1.01644,1.01436,1.02644,1.03121,1.02809,1.02021,1.01644,
962,1.0178,1.02776,1.02256,1.0161,1.01506,1.02714,1.03087,1.02776,1.01987,1.0161,
963,1.01809,1.02846,1.02328,1.01576,1.01473,1.0268,1.03054,1.02846,1.01954,1.01576,
964,1.01881,1.02813,1.02399,1.01542,1.01466,1.0275,1.03021,1.02917,1.01921,1.01646,
965,1.01849,1.02781,1.02366,1.01509,1.01509,1.02716,1.02988,1.02884,1.01991,1.01612,
966,1.01854,1.02748,1.02334,1.01475,1.01507,1.02682,1.03058,1.02851,1.01958,1.01578,
967,1.01821,1.02818,1.02405,1.01441,1.01579,1.02648,1.03128,1.02818,1.01925,1.01648,
968,1.01857,1.02889,1.02373,1.01408,1.01547,1.02614,1.03095,1.02785,1.01995,1.01614,
969,1.01928,1.02856,1.02443,1.01374,1.01515,1.0258,1.03062,1.02753,1.01962,1.0158,
970,1.01896,1.02823,1.02411,1.01414,1.01484,1.02547,1.03132,1.0272,1.02032,1.0165,
971,1.01967,1.02893,1.02379,1.01381,1.01556,1.02513,1.03099,1.02687,1.01999,1.01616,
972,1.01935,1.02963,1.02449,1.01349,1.01627,1.0248,1.03066,1.02655,1.02069,1.01685,
973,1.02006,1.0293,1.02417,1.0142,1.01698,1.02549,1.03033,1.02622,1.02138,1.01652,
974,1.01974,1.02897,1.02385,1.01387,1.01667,1.02515,1.03,1.0259,1.02105,1.01618,
975,1.01943,1.02865,1.02352,1.01355,1.01635,1.02482,1.02967,1.02557,1.02072,1.01584,
976,1.02013,1.02934,1.0232,1.01323,1.01604,1.02551,1.03037,1.02525,1.02142,1.01551,
977,1.02084,1.03004,1.02288,1.01291,1.01573,1.02518,1.03106,1.02493,1.02109,1.0162,
978,1.02154,1.02971,1.02256,1.01361,1.01586,1.02484,1.03074,1.02461,1.02178,1.01689,
979,1.02122,1.03041,1.02224,1.01329,1.01553,1.02451,1.03041,1.02531,1.02145,1.01655,
980,1.02091,1.03008,1.02295,1.01297,1.01622,1.0252,1.03008,1.026,1.02112,1.01622,
981,1.02161,1.02976,1.02263,1.01265,1.01652,1.02487,1.02976,1.02568,1.02079,1.0169,
982,1.02129,1.02943,1.02231,1.01233,1.01621,1.02453,1.02943,1.02536,1.02046,1.01657,
983,1.02098,1.02911,1.02199,1.01201,1.01589,1.02522,1.03012,1.02504,1.02014,1.01624,
984,1.02168,1.02878,1.02168,1.01271,1.01558,1.0259,1.0298,1.02574,1.01981,1.01692,
985,1.02136,1.02846,1.02237,1.0134,1.01629,1.02557,1.02947,1.02643,1.01949,1.0176,
986,1.02104,1.02915,1.02307,1.01308,1.01598,1.02524,1.02915,1.02611,1.02018,1.01727,
987,1.02073,1.02883,1.02275,1.01277,1.01567,1.02592,1.02984,1.0268,1.02086,1.01795,
988,1.02041,1.02951,1.02244,1.01346,1.01536,1.02559,1.02951,1.02648,1.02054,1.01761,
989,1.02111,1.02919,1.02313,1.01314,1.01526,1.02526,1.02919,1.02616,1.02122,1.01728,
990,1.02181,1.02887,1.02282,1.01282,1.01575,1.02493,1.02887,1.02584,1.0209,1.01695,
991,1.0225,1.02855,1.0225,1.01251,1.01544,1.0246,1.02956,1.02653,1.02057,1.01746,
992,1.02219,1.02923,1.02219,1.01219,1.01614,1.02428,1.03024,1.02621,1.02025,1.01816,
993,1.02288,1.02891,1.02187,1.01188,1.01584,1.02395,1.02992,1.0259,1.01993,1.01785,
994,1.02357,1.02859,1.02156,1.01161,1.01553,1.02362,1.0296,1.02558,1.0196,1.01754,
995,1.02325,1.02827,1.02225,1.01225,1.01622,1.0233,1.02928,1.02627,1.01928,1.01723,
996,1.02394,1.02795,1.02194,1.01194,1.01592,1.02297,1.02996,1.02595,1.01996,1.01692,
997,1.02463,1.02864,1.02263,1.01163,1.01661,1.02265,1.03064,1.02663,1.02064,1.01661,
998,1.02431,1.02832,1.02231,1.01131,1.01631,1.02332,1.03132,1.02732,1.02032,1.01633,
999,1.024,1.028,1.022,1.011,1.016,1.024,1.031,1.027,1.02,1.016,
