0,0.942,0.949,0.937,0.935,0.949,0.945,0.966,0.916,0.945,0.937,
1,0.591,0.632,0.797,0.52,0.795,0.793,0.612,0.445,0.445,0.449,
2,0.544667,0.434667,0.48,0.52,0.795,0.793,0.612,0.463667,0.527667,0.388,
3,0.388,0.437,0.297,0.388,0.545,0.591,0.612,0.416,0.455,0.437,
4,0.478,0.432,0.368,0.388,0.395,0.591,0.412,0.316,0.461,0.337,
5,0.378,0.465333,0.270333,0.283,0.352667,0.424333,0.314,0.249333,0.527667,0.270333,
6,0.449429,0.489143,0.339429,0.276429,0.366429,0.314,0.326286,0.223571,0.432429,0.266143,
7,0.378,0.382,0.303,0.263,0.295,0.314,0.314,0.295,0.361,0.187,
8,0.322444,0.409778,0.261333,0.260556,0.298667,0.237444,0.314,0.239444,0.371667,0.186778,
9,0.291,0.432,0.291,0.305,0.232,0.214,0.314,0.205,0.405,0.21,
10,0.241636,0.409182,0.318273,0.250455,0.247273,0.250455,0.314,0.227364,0.406455,0.209727,
11,0.294667,0.382,0.341,0.207,0.186667,0.230667,0.314,0.205,0.361,0.205,
12,0.262615,0.324308,0.283308,0.243462,0.140077,0.243462,0.314,0.181615,0.322538,0.243462,
13,0.235143,0.274857,0.233857,0.234286,0.162857,0.276429,0.314,0.205,0.289571,0.205,
14,0.211333,0.232,0.257667,0.253333,0.186667,0.238333,0.314,0.188,0.261,0.238333,
15,0.1905,0.1945,0.216,0.2075,0.2075,0.205,0.314,0.159,0.2985,0.2215,
16,0.173176,0.161412,0.238059,0.211529,0.225882,0.196353,0.314,0.152706,0.331588,0.234412,
17,0.181889,0.159222,0.257667,0.207,0.186667,0.202889,0.314,0.165778,0.305444,0.242333,
18,0.193789,0.147526,0.222579,0.207,0.151579,0.156105,0.314,0.177474,0.282053,0.198474,
19,0.178,0.137,0.241,0.207,0.153,0.164,0.314,0.188,0.311,0.209,
20,0.163714,0.127476,0.210048,0.207,0.15581,0.171143,0.314,0.197524,0.289571,0.218524,
21,0.196182,0.132,0.181909,0.207,0.158636,0.139,0.314,0.206182,0.270091,0.181727,
22,0.225826,0.153739,0.199696,0.186783,0.186304,0.140087,0.314,0.214087,0.252304,0.191609,
23,0.211333,0.173667,0.174333,0.211667,0.17,0.147333,0.314,0.179667,0.236,0.163333,
24,0.198,0.177,0.151,0.232,0.155,0.154,0.314,0.188,0.225,0.185,
25,0.185692,0.170462,0.129462,0.213538,0.141154,0.160154,0.314,0.195692,0.207154,0.166538,
26,0.211333,0.159222,0.122185,0.202889,0.128926,0.165852,0.314,0.202815,0.194333,0.186481,
27,0.199429,0.167714,0.126714,0.206857,0.131571,0.171143,0.314,0.209429,0.218143,0.169286,
28,0.188345,0.149241,0.142724,0.210552,0.142724,0.176069,0.314,0.215586,0.205828,0.187759,
29,0.178,0.137,0.124333,0.228333,0.136333,0.180667,0.314,0.188,0.227667,0.171667,
30,0.168323,0.148129,0.107129,0.217226,0.139387,0.184968,0.314,0.162194,0.215839,0.188871,
31,0.15925,0.16325,0.12225,0.22025,0.1535,0.189,0.314,0.138,0.20475,0.17375,
32,0.159545,0.147152,0.118818,0.223091,0.166758,0.162485,0.314,0.145576,0.194333,0.162485,
33,0.150941,0.132,0.120412,0.225765,0.179235,0.166941,0.314,0.152706,0.184529,0.146176,
34,0.163714,0.146286,0.114,0.228286,0.191,0.171143,0.314,0.159429,0.175286,0.162143,
35,0.183556,0.132,0.124444,0.230667,0.174333,0.175111,0.314,0.165778,0.194333,0.149444,
36,0.175297,0.118486,0.119189,0.232919,0.158568,0.178865,0.314,0.171784,0.185324,0.151838,
37,0.167474,0.132,0.117316,0.208737,0.156105,0.182421,0.314,0.151158,0.203105,0.156105,
38,0.166538,0.144821,0.109487,0.211436,0.160154,0.160154,0.314,0.157231,0.194333,0.160154,
39,0.155,0.157,0.116,0.214,0.164,0.139,0.314,0.163,0.186,0.139,
40,0.146293,0.144195,0.107732,0.216439,0.167659,0.144024,0.314,0.168488,0.178073,0.143268,
41,0.163714,0.132,0.11481,0.218762,0.162429,0.147333,0.29019,0.149905,0.170524,0.147333,
42,0.15707,0.120372,0.102628,0.220977,0.172395,0.151209,0.290744,0.155442,0.163326,0.12993,
43,0.159545,0.132,0.114091,0.200364,0.159182,0.154909,0.268545,0.160727,0.156455,0.136273,
44,0.149444,0.120889,0.105,0.202889,0.146556,0.158444,0.269556,0.171667,0.149889,0.136222,
45,0.161522,0.120043,0.0963043,0.205304,0.140087,0.161826,0.270522,0.183261,0.143609,0.140087,
46,0.173085,0.121894,0.107213,0.207617,0.143787,0.173085,0.271447,0.175234,0.137596,0.130532,
47,0.184167,0.123667,0.111833,0.209833,0.1265,0.168167,0.272333,0.179667,0.131833,0.1265,
48,0.174388,0.125367,0.121612,0.211959,0.130327,0.174388,0.273184,0.183918,0.133571,0.130327,
49,0.165,0.112,0.137,0.214,0.134,0.165,0.274,0.185,0.145,0.114,
50,0.175588,0.121804,0.152686,0.215961,0.137529,0.157137,0.274784,0.175588,0.136373,0.117922,
51,0.166538,0.131231,0.148538,0.217846,0.140923,0.160154,0.275538,0.185769,0.149462,0.121692,
52,0.15783,0.125811,0.144547,0.21966,0.125321,0.163057,0.257396,0.176698,0.144019,0.120094,
53,0.149444,0.122667,0.140704,0.202889,0.128815,0.149444,0.239926,0.186481,0.138778,0.112407,
54,0.159545,0.119636,0.137,0.204909,0.132182,0.141364,0.241273,0.177727,0.133727,0.114,
55,0.169286,0.116714,0.133429,0.189,0.117571,0.151429,0.242571,0.169286,0.128857,0.117571,
56,0.178684,0.113895,0.129982,0.191193,0.128333,0.16114,0.243825,0.16114,0.124158,0.121018,
57,0.170517,0.111172,0.126655,0.19331,0.122586,0.153276,0.245034,0.170517,0.119621,0.124345,
58,0.162627,0.108542,0.123441,0.178407,0.117034,0.145678,0.246203,0.179576,0.115237,0.11061,
59,0.155,0.106,0.120333,0.180667,0.111667,0.155,0.247333,0.171667,0.121667,0.0973333,
60,0.164016,0.103803,0.117328,0.182852,0.122869,0.164016,0.232033,0.164016,0.13123,0.100885,
61,0.172742,0.101161,0.114419,0.184968,0.117581,0.156613,0.233355,0.156613,0.140484,0.104323,
62,0.18119,0.0990476,0.111603,0.187016,0.11246,0.165317,0.234635,0.165317,0.149444,0.107651,
63,0.189375,0.105,0.11125,0.189,0.110875,0.158125,0.235875,0.158125,0.1425,0.110875,
64,0.181923,0.110769,0.121615,0.190923,0.102692,0.151154,0.237077,0.166538,0.135769,0.105,
65,0.189848,0.101212,0.118818,0.192788,0.113182,0.147333,0.238242,0.159545,0.144394,0.101879,
66,0.182612,0.0919403,0.116104,0.179672,0.108433,0.149821,0.239373,0.152761,0.137836,0.105045,
67,0.190294,0.0976471,0.113471,0.181647,0.108118,0.137529,0.240471,0.160882,0.131471,0.108118,
68,0.197754,0.104754,0.110913,0.169072,0.111101,0.140087,0.241536,0.154275,0.12529,0.111101,
69,0.205,0.0977143,0.108571,0.171143,0.114,0.142571,0.242571,0.162143,0.119286,0.114,
70,0.197958,0.0908732,0.106014,0.173155,0.116817,0.144986,0.229493,0.155704,0.127535,0.116817,
71,0.191111,0.0842222,0.103667,0.177222,0.119556,0.147333,0.230667,0.163333,0.135556,0.119556,
72,0.184452,0.0792877,0.101384,0.170753,0.122219,0.149616,0.231808,0.157055,0.129658,0.108521,
73,0.177973,0.0833784,0.0991622,0.165351,0.124811,0.151838,0.232919,0.164459,0.137432,0.111297,
74,0.171667,0.0916667,0.097,0.171667,0.127333,0.154,0.234,0.171667,0.145,0.114,
75,0.165526,0.0865789,0.0948947,0.165526,0.129789,0.142947,0.235053,0.165526,0.139211,0.116632,
76,0.159545,0.0946104,0.0974935,0.172532,0.119195,0.145169,0.236078,0.159545,0.133571,0.119195,
77,0.153718,0.0896154,0.0953846,0.166538,0.121692,0.147333,0.237077,0.153718,0.128077,0.121692,
78,0.148038,0.0875949,0.100253,0.160696,0.124127,0.149443,0.238051,0.160696,0.13538,0.111468,
79,0.155,0.0925,0.105,0.155,0.1265,0.1515,0.2265,0.155,0.1425,0.1015,
80,0.149444,0.097284,0.10963,0.16179,0.128815,0.14116,0.22758,0.16179,0.149444,0.104123,
81,0.15622,0.101951,0.101951,0.15622,0.131073,0.143268,0.216439,0.15622,0.15622,0.0944878,
82,0.150783,0.106506,0.0944578,0.162831,0.133277,0.145325,0.217614,0.162831,0.150783,0.0893494,
83,0.145476,0.110952,0.0871429,0.157381,0.135429,0.147333,0.218762,0.157381,0.157381,0.0878095,
84,0.152059,0.115294,0.0917647,0.152059,0.137529,0.149294,0.219882,0.152059,0.152059,0.0931765,
85,0.14686,0.119535,0.0962791,0.14686,0.139581,0.14686,0.220977,0.158488,0.14686,0.0930698,
86,0.153276,0.123678,0.10069,0.141782,0.141586,0.141782,0.222046,0.153276,0.141782,0.0968276,
87,0.148182,0.116364,0.105,0.139091,0.143545,0.148182,0.211727,0.159545,0.148182,0.104273,
88,0.154438,0.109213,0.109213,0.143202,0.145461,0.154438,0.212876,0.154438,0.143202,0.111551,
89,0.160556,0.113333,0.113333,0.149444,0.147333,0.160556,0.214,0.149444,0.149444,0.107556,
90,0.166538,0.106374,0.117363,0.155549,0.138176,0.155549,0.215099,0.14456,0.14456,0.105209,
91,0.161522,0.0995652,0.121304,0.150652,0.140087,0.161522,0.216174,0.139783,0.139783,0.0998261,
92,0.167366,0.103656,0.125161,0.146667,0.131204,0.156613,0.217226,0.135108,0.135108,0.0989462,
93,0.162447,0.0970213,0.128936,0.14117,0.122511,0.154426,0.207617,0.130532,0.130532,0.0924255,
94,0.157632,0.0944737,0.122105,0.147105,0.124526,0.156105,0.198211,0.126053,0.126053,0.0929474,
95,0.163333,0.100833,0.125833,0.1425,0.1265,0.15775,0.199417,0.121667,0.132083,0.09575,
96,0.168918,0.107062,0.129485,0.13799,0.128433,0.159361,0.200598,0.117371,0.13799,0.0975052,
97,0.164184,0.113163,0.122857,0.133571,0.130327,0.160939,0.201755,0.123367,0.133571,0.0997143,
98,0.169646,0.119141,0.116364,0.139343,0.132182,0.162485,0.202889,0.119141,0.139343,0.101879,
99,0.165,0.115,0.111,0.135,0.134,0.164,0.204,0.115,0.145,0.104,
100,0.170347,0.120842,0.113663,0.140644,0.135782,0.165485,0.205089,0.110941,0.140644,0.106079,
101,0.165784,0.116765,0.117255,0.136373,0.137529,0.157137,0.196353,0.116765,0.146176,0.108118,
102,0.171019,0.112767,0.115272,0.132184,0.129534,0.15866,0.197495,0.122476,0.141893,0.110117,
103,0.176154,0.118462,0.110231,0.128077,0.121692,0.160154,0.198615,0.118462,0.137692,0.112077,
104,0.171667,0.124048,0.11481,0.133571,0.123524,0.161619,0.199714,0.124048,0.133571,0.114,
105,0.167264,0.120094,0.109868,0.138962,0.125321,0.163057,0.200792,0.120094,0.138962,0.115887,
106,0.162944,0.116215,0.106168,0.134907,0.117738,0.164467,0.20185,0.125561,0.134907,0.117738,
107,0.158704,0.121667,0.10037,0.140185,0.110296,0.165852,0.19363,0.121667,0.140185,0.119556,
108,0.154541,0.117844,0.104761,0.136193,0.112165,0.167211,0.194734,0.127018,0.136193,0.121339,
109,0.159545,0.114091,0.109182,0.132273,0.114,0.168545,0.195818,0.132273,0.141364,0.123091,
110,0.15545,0.110631,0.104514,0.128423,0.115802,0.169856,0.196883,0.128423,0.146441,0.124811,
111,0.151429,0.113929,0.108857,0.133571,0.117571,0.171143,0.189,0.124643,0.1425,0.1265,
112,0.147478,0.117168,0.113124,0.129779,0.11931,0.172407,0.190106,0.120929,0.147478,0.128159,
113,0.143596,0.111579,0.117316,0.134825,0.121018,0.173649,0.191193,0.117281,0.143596,0.129789,
114,0.148478,0.106087,0.112739,0.139783,0.122696,0.17487,0.192261,0.113696,0.139783,0.131391,
115,0.144655,0.101552,0.108241,0.136034,0.124345,0.179138,0.19331,0.110172,0.144655,0.132966,
116,0.140897,0.106709,0.103821,0.134513,0.125966,0.177248,0.194342,0.115256,0.140897,0.134513,
117,0.137203,0.11178,0.107949,0.136034,0.119085,0.179576,0.186881,0.120254,0.145678,0.127559,
118,0.133571,0.108361,0.103605,0.137529,0.120723,0.183992,0.18795,0.125168,0.141975,0.129126,
119,0.13,0.113333,0.0993333,0.139,0.122333,0.18,0.189,0.121667,0.146667,0.130667,
120,0.126488,0.109959,0.103397,0.140446,0.123917,0.176074,0.190033,0.118223,0.143017,0.132182,
121,0.13123,0.109082,0.107393,0.141869,0.117279,0.172213,0.191049,0.114836,0.139426,0.133672,
122,0.127764,0.110748,0.103195,0.135138,0.118878,0.176545,0.192049,0.111504,0.135894,0.135138,
123,0.124355,0.112387,0.0990645,0.128516,0.120452,0.172742,0.193032,0.108226,0.132419,0.136581,
124,0.121,0.114,0.095,0.13,0.122,0.17,0.194,0.105,0.129,0.138,
125,0.125635,0.115587,0.0917778,0.13146,0.115587,0.173254,0.194952,0.101825,0.125635,0.13146,
126,0.122323,0.11715,0.0935276,0.132898,0.11715,0.177441,0.188016,0.0987008,0.130197,0.132898,
127,0.119063,0.118687,0.091,0.134312,0.118687,0.17375,0.189,0.0971875,0.126875,0.134312,
128,0.123605,0.120202,0.0897907,0.135705,0.120202,0.177868,0.189969,0.100349,0.131357,0.135705,
129,0.120385,0.121692,0.0909231,0.137077,0.121692,0.174231,0.190923,0.0973077,0.128077,0.137077,
130,0.124847,0.115527,0.092626,0.138427,0.12316,0.170649,0.184229,0.101947,0.124847,0.138427,
131,0.121667,0.11703,0.094303,0.132182,0.124606,0.167121,0.177636,0.0989394,0.129242,0.139758,
132,0.118534,0.118511,0.0959549,0.133549,0.12603,0.171165,0.178662,0.103496,0.133571,0.141068,
133,0.12291,0.112507,0.0975821,0.134896,0.127433,0.167687,0.179672,0.100522,0.130373,0.142358,
134,0.119815,0.114,0.0991852,0.136222,0.128815,0.171667,0.180667,0.0975926,0.127222,0.14363,
135,0.116765,0.115471,0.100765,0.138824,0.130176,0.175588,0.181647,0.0976471,0.131471,0.144882,
136,0.113759,0.11692,0.102321,0.138818,0.124219,0.172153,0.182613,0.100438,0.128358,0.138818,
137,0.110797,0.118348,0.103855,0.140087,0.125594,0.176014,0.183565,0.103188,0.12529,0.140087,
138,0.115072,0.119755,0.105367,0.141338,0.119755,0.17982,0.177309,0.105899,0.12946,0.141338,
139,0.112143,0.121143,0.106857,0.142571,0.114,0.183571,0.178286,0.108571,0.133571,0.142571,
140,0.111206,0.122511,0.108326,0.143787,0.115418,0.18727,0.179248,0.111206,0.137624,0.143787,
141,0.113451,0.123859,0.109775,0.144986,0.116817,0.183873,0.173155,0.113803,0.134577,0.144986,
142,0.117587,0.125189,0.10421,0.146168,0.118196,0.187517,0.17414,0.116364,0.138566,0.146168,
143,0.121667,0.1265,0.105667,0.140389,0.119556,0.184167,0.175111,0.118889,0.135556,0.147333,
144,0.12569,0.127793,0.107103,0.141586,0.120897,0.180862,0.176069,0.114483,0.139483,0.148483,
145,0.122808,0.129068,0.108521,0.142767,0.122219,0.184452,0.177014,0.110137,0.143356,0.149616,
146,0.119966,0.123524,0.109918,0.143932,0.123524,0.187993,0.177946,0.112653,0.140374,0.143932,
147,0.123919,0.118054,0.111297,0.145081,0.124811,0.191486,0.178865,0.108378,0.144189,0.145081,
148,0.127819,0.121107,0.112658,0.146215,0.126081,0.188221,0.179772,0.104161,0.147953,0.146215,
149,0.131667,0.120667,0.114,0.140667,0.127333,0.185,0.180667,0.1,0.145,0.147333,
150,0.135464,0.115596,0.115325,0.141815,0.12857,0.181821,0.18155,0.102517,0.142086,0.148437,
151,0.132632,0.116632,0.110053,0.142947,0.129789,0.185263,0.182421,0.105,0.139211,0.149526,
152,0.129837,0.117922,0.111386,0.144065,0.130993,0.182124,0.183281,0.100915,0.136373,0.150601,
153,0.133571,0.114091,0.106208,0.145169,0.132182,0.185519,0.177636,0.103377,0.140065,0.151662,
154,0.137258,0.114,0.107548,0.146258,0.126903,0.182419,0.178516,0.105806,0.137258,0.15271,
155,0.134487,0.115256,0.108872,0.147333,0.128103,0.179359,0.172974,0.108205,0.140897,0.147333,
156,0.131752,0.119013,0.110178,0.148395,0.129287,0.176338,0.167503,0.110573,0.138121,0.148395,
157,0.13538,0.116392,0.111468,0.149443,0.130456,0.179684,0.162101,0.112911,0.13538,0.149443,
158,0.138962,0.113805,0.112742,0.150478,0.125321,0.182987,0.163057,0.108931,0.132673,0.150478,
159,0.1425,0.11125,0.114,0.1515,0.1265,0.18,0.164,0.11125,0.13,0.1515,
160,0.139783,0.109031,0.115242,0.152509,0.127665,0.17705,0.164932,0.11354,0.133571,0.152509,
161,0.143272,0.112407,0.116469,0.153506,0.128815,0.180309,0.165852,0.115802,0.130926,0.153506,
162,0.146718,0.111546,0.111546,0.154491,0.123816,0.177393,0.166761,0.111902,0.128313,0.154491,
163,0.150122,0.113537,0.11278,0.155463,0.124976,0.174512,0.167659,0.114146,0.125732,0.155463,
164,0.153485,0.111061,0.114,0.156424,0.126121,0.177727,0.168545,0.116364,0.129242,0.156424,
165,0.150783,0.114639,0.115205,0.157373,0.127253,0.17488,0.169422,0.118554,0.126687,0.157373,
166,0.154102,0.118174,0.116395,0.158311,0.128371,0.172066,0.164299,0.120719,0.13015,0.152323,
167,0.151429,0.115714,0.117571,0.159238,0.123524,0.175238,0.16519,0.122857,0.127619,0.153286,
168,0.154704,0.113284,0.118734,0.160154,0.124651,0.172456,0.166071,0.12497,0.125118,0.154237,
169,0.152059,0.110882,0.119882,0.161059,0.125765,0.169706,0.166941,0.127059,0.122647,0.155176,
170,0.155292,0.114357,0.121018,0.156105,0.121018,0.166988,0.167801,0.129123,0.126053,0.156105,
171,0.158488,0.117791,0.12214,0.157023,0.12214,0.164302,0.168651,0.125349,0.123605,0.157023,
172,0.161647,0.121185,0.123249,0.157931,0.123249,0.163711,0.169491,0.121618,0.121185,0.157931,
173,0.159023,0.118793,0.124345,0.158828,0.124345,0.16477,0.170322,0.123678,0.118793,0.158828,
174,0.156429,0.116429,0.125429,0.159714,0.125429,0.167857,0.171143,0.125714,0.116429,0.159714,
175,0.153864,0.119773,0.1265,0.160591,0.120818,0.165227,0.171955,0.127727,0.119773,0.154909,
176,0.151328,0.117429,0.127559,0.161458,0.12191,0.168277,0.167107,0.129718,0.117429,0.155808,
177,0.154438,0.115112,0.122989,0.162315,0.117371,0.171292,0.167933,0.131685,0.115112,0.156697,
178,0.151927,0.112883,0.124056,0.163162,0.112883,0.168687,0.168749,0.133631,0.118408,0.157575,
179,0.149444,0.110556,0.125111,0.164,0.114,0.171667,0.169556,0.135556,0.121667,0.152889,
180,0.146989,0.10958,0.126155,0.164829,0.115105,0.174613,0.170354,0.137459,0.119365,0.153779,
181,0.150055,0.110703,0.127187,0.160154,0.110703,0.172033,0.171143,0.133846,0.117088,0.154659,
182,0.147623,0.111814,0.128208,0.160995,0.10635,0.174945,0.171923,0.135738,0.114836,0.15553,
183,0.145217,0.112913,0.129217,0.156391,0.107478,0.172391,0.172696,0.137609,0.112609,0.156391,
184,0.148243,0.114,0.124811,0.157243,0.108595,0.169865,0.173459,0.134054,0.110405,0.151838,
185,0.14586,0.115075,0.120452,0.15271,0.109699,0.167366,0.174215,0.130538,0.108226,0.15271,
186,0.143503,0.116139,0.121487,0.153572,0.110791,0.164893,0.174963,0.127059,0.10607,0.153572,
187,0.14117,0.111872,0.117191,0.154426,0.111872,0.162447,0.175702,0.123617,0.109255,0.154426,
188,0.138862,0.112942,0.112942,0.15527,0.112942,0.160561,0.176434,0.125503,0.107116,0.15527,
189,0.141842,0.115526,0.114,0.156105,0.114,0.161368,0.171895,0.127368,0.105,0.156105,
190,0.139555,0.113377,0.115047,0.151696,0.115047,0.162168,0.172639,0.123979,0.108141,0.156932,
191,0.137292,0.11125,0.116083,0.152542,0.110875,0.162958,0.173375,0.125833,0.11125,0.15775,
192,0.137834,0.114326,0.117109,0.148197,0.106746,0.163741,0.168922,0.122487,0.114326,0.15856,
193,0.138742,0.112969,0.118124,0.149052,0.107814,0.164515,0.16967,0.12433,0.112216,0.159361,
194,0.139641,0.115256,0.119128,0.149897,0.108872,0.165282,0.17041,0.126154,0.110128,0.160154,
195,0.140531,0.11502,0.120122,0.145633,0.104816,0.166041,0.171143,0.122857,0.108061,0.160939,
196,0.141411,0.11603,0.11603,0.146487,0.105878,0.161716,0.166792,0.12467,0.111091,0.161716,
197,0.137232,0.114091,0.11703,0.147333,0.106929,0.162485,0.167535,0.121414,0.10904,0.162485,
198,0.138121,0.112995,0.11802,0.148171,0.10797,0.163246,0.168271,0.118191,0.112035,0.163246,
199,0.139,0.114,0.119,0.149,0.109,0.164,0.169,0.115,0.115,0.164,
200,0.134896,0.11296,0.11997,0.149821,0.11002,0.164746,0.169721,0.111841,0.11296,0.164746,
201,0.130832,0.11103,0.120931,0.150634,0.11103,0.165485,0.170436,0.113663,0.110941,0.165485,
202,0.133571,0.113867,0.121882,0.151438,0.11203,0.166217,0.171143,0.110542,0.113867,0.166217,
203,0.132627,0.11302,0.122824,0.152235,0.11302,0.166941,0.171843,0.112353,0.111863,0.162039,
204,0.134268,0.114756,0.123756,0.153024,0.114,0.167659,0.172537,0.109268,0.114756,0.16278,
205,0.134388,0.114971,0.12468,0.148951,0.114971,0.168369,0.168369,0.111068,0.112767,0.163515,
206,0.135256,0.115932,0.125594,0.149749,0.115932,0.169072,0.164242,0.11285,0.110797,0.164242,
207,0.136115,0.118462,0.121692,0.150538,0.116885,0.169769,0.160154,0.114615,0.108846,0.164962,
208,0.132182,0.117828,0.117828,0.151321,0.117828,0.170459,0.16089,0.116364,0.106914,0.165675,
209,0.133048,0.119286,0.118762,0.152095,0.118762,0.171143,0.161619,0.118095,0.105,0.161619,
210,0.133905,0.117322,0.119687,0.152863,0.119687,0.17182,0.157602,0.11981,0.107844,0.162341,
211,0.130038,0.115887,0.120604,0.153623,0.115887,0.172491,0.15834,0.121509,0.11066,0.163057,
212,0.130901,0.113451,0.121512,0.154376,0.112122,0.173155,0.15907,0.123192,0.108756,0.163765,
213,0.131757,0.111542,0.122411,0.150449,0.113065,0.173813,0.159794,0.12486,0.111542,0.159794,
214,0.132605,0.114302,0.123302,0.146558,0.114,0.174465,0.160512,0.12186,0.109651,0.160512,
215,0.128815,0.112407,0.124185,0.142704,0.114926,0.175111,0.161222,0.123519,0.107778,0.156593,
216,0.129668,0.11053,0.12506,0.143493,0.115843,0.175751,0.161926,0.125161,0.11053,0.157318,
217,0.130514,0.113257,0.125927,0.139688,0.116752,0.176385,0.162624,0.126789,0.113257,0.15345,
218,0.131352,0.115959,0.122219,0.140484,0.117653,0.177014,0.163315,0.128402,0.111393,0.149616,
219,0.132182,0.114091,0.123091,0.141273,0.118545,0.177636,0.164,0.13,0.109545,0.150364,
220,0.133005,0.116765,0.123955,0.137529,0.114905,0.178253,0.164679,0.131584,0.107715,0.151104,
221,0.13382,0.11491,0.124811,0.138324,0.115802,0.178865,0.165351,0.133153,0.105901,0.151838,
222,0.134628,0.113072,0.125659,0.139112,0.116691,0.179471,0.161534,0.134709,0.108587,0.152565,
223,0.130964,0.11125,0.1265,0.139893,0.117571,0.180071,0.162214,0.131786,0.11125,0.153286,
224,0.131778,0.109556,0.127333,0.136222,0.118444,0.180667,0.158444,0.128889,0.109444,0.149556,
225,0.132584,0.11208,0.123735,0.132584,0.11931,0.181257,0.159133,0.126018,0.107655,0.145858,
226,0.128978,0.111357,0.124573,0.133383,0.120167,0.181841,0.15541,0.123172,0.110286,0.146599,
227,0.129789,0.112895,0.125404,0.134175,0.121018,0.182421,0.156105,0.120351,0.108509,0.147333,
228,0.130594,0.11548,0.126227,0.134961,0.12186,0.182996,0.156795,0.117555,0.111114,0.148061,
229,0.127043,0.114,0.127043,0.135739,0.122696,0.179217,0.157478,0.11913,0.109348,0.148783,
230,0.127853,0.114866,0.123524,0.136511,0.123524,0.179801,0.158156,0.120693,0.107597,0.149498,
231,0.124345,0.115724,0.124345,0.132966,0.124345,0.180379,0.158828,0.122241,0.110172,0.150207,
232,0.125601,0.116575,0.125159,0.129451,0.120867,0.180953,0.159494,0.123777,0.108433,0.15091,
233,0.123803,0.117419,0.121692,0.125966,0.121692,0.181521,0.160154,0.121026,0.106709,0.147333,
234,0.122511,0.118255,0.122511,0.122511,0.122511,0.17783,0.160809,0.118298,0.109255,0.148043,
235,0.123322,0.119085,0.123322,0.123322,0.123322,0.178407,0.15722,0.115593,0.107542,0.148746,
236,0.124127,0.119907,0.124127,0.124127,0.124127,0.178979,0.157882,0.117131,0.105844,0.149443,
237,0.124924,0.120723,0.124924,0.124924,0.124924,0.179546,0.158538,0.118655,0.10416,0.150134,
238,0.125715,0.117347,0.125715,0.125715,0.125715,0.180109,0.159188,0.120167,0.10249,0.15082,
239,0.1265,0.118167,0.1265,0.1265,0.1265,0.180667,0.159833,0.1175,0.100833,0.1515,
240,0.127278,0.118979,0.127278,0.127278,0.127278,0.18122,0.160473,0.119004,0.0991909,0.152174,
241,0.12805,0.119785,0.12805,0.12805,0.12805,0.181769,0.161107,0.116364,0.097562,0.152843,
242,0.128815,0.116523,0.1247,0.128815,0.128815,0.182313,0.161737,0.113745,0.0959465,0.153506,
243,0.129574,0.114836,0.125475,0.129574,0.129574,0.182852,0.162361,0.115246,0.0984426,0.150066,
244,0.130327,0.114,0.126245,0.126245,0.130327,0.183388,0.16298,0.116735,0.0968367,0.146653,
245,0.131073,0.115569,0.127008,0.127008,0.131073,0.179854,0.159528,0.114146,0.0993089,0.143268,
246,0.131814,0.115619,0.127765,0.127765,0.131814,0.180397,0.160154,0.111579,0.101761,0.14396,
247,0.132548,0.116419,0.128516,0.124484,0.128516,0.180935,0.160774,0.113065,0.100161,0.144645,
248,0.133277,0.118655,0.129261,0.125245,0.129261,0.177454,0.157373,0.114538,0.10259,0.145325,
249,0.134,0.118,0.13,0.126,0.13,0.178,0.158,0.112,0.105,0.146,
250,0.134717,0.118781,0.126749,0.126749,0.130733,0.178542,0.158622,0.113466,0.10739,0.146669,
251,0.135429,0.119556,0.127492,0.127492,0.13146,0.179079,0.15527,0.114921,0.105794,0.147333,
252,0.136134,0.12002,0.128229,0.128229,0.128229,0.179613,0.155897,0.116364,0.104209,0.147992,
253,0.136835,0.118386,0.128961,0.128961,0.128961,0.180142,0.15652,0.117795,0.106575,0.148646,
254,0.137529,0.120686,0.125765,0.129686,0.129686,0.180667,0.157137,0.119216,0.105,0.149294,
255,0.138219,0.122969,0.122594,0.130406,0.1265,0.181187,0.15775,0.120625,0.103438,0.149937,
256,0.138903,0.121342,0.123339,0.12723,0.12723,0.181704,0.158358,0.122023,0.105778,0.150576,
257,0.139581,0.123605,0.124078,0.124078,0.127953,0.182217,0.158961,0.119535,0.104225,0.151209,
258,0.140255,0.121988,0.124811,0.124811,0.128672,0.182726,0.15956,0.117066,0.106544,0.151838,
259,0.140923,0.121692,0.125538,0.125538,0.129385,0.183231,0.160154,0.118462,0.108846,0.148615,
260,0.141586,0.122625,0.126261,0.126261,0.130092,0.183732,0.160743,0.119847,0.107299,0.149249,
261,0.142244,0.121031,0.126977,0.126977,0.130794,0.184229,0.161328,0.117405,0.10958,0.149878,
262,0.142897,0.120084,0.127688,0.127688,0.13149,0.184722,0.161909,0.118783,0.108042,0.150502,
263,0.139758,0.121667,0.128394,0.124606,0.132182,0.185212,0.162485,0.120152,0.110303,0.151121,
264,0.140415,0.123868,0.129094,0.125321,0.132868,0.185698,0.163057,0.121509,0.108774,0.147962,
265,0.141068,0.122293,0.129789,0.12603,0.129789,0.18618,0.163624,0.122857,0.111015,0.148586,
266,0.141715,0.124476,0.130479,0.122989,0.130479,0.186659,0.164187,0.120449,0.109494,0.149206,
267,0.142358,0.126642,0.131164,0.123701,0.131164,0.187134,0.164746,0.11806,0.107985,0.14609,
268,0.142996,0.125074,0.128126,0.120691,0.131844,0.187606,0.165301,0.119405,0.106487,0.146714,
269,0.14363,0.125111,0.128815,0.121407,0.128815,0.188074,0.165852,0.117037,0.105,0.147333,
270,0.144258,0.125808,0.129498,0.122118,0.125808,0.188539,0.166399,0.114686,0.103524,0.147948,
271,0.144882,0.1265,0.1265,0.122824,0.1265,0.189,0.163265,0.116029,0.102059,0.148559,
272,0.145502,0.127187,0.127187,0.123524,0.123524,0.185795,0.163817,0.1137,0.104267,0.149165,
273,0.146117,0.127869,0.127869,0.124219,0.120569,0.186263,0.164365,0.111387,0.10646,0.149766,
274,0.143091,0.128545,0.124909,0.124909,0.121273,0.186727,0.161273,0.109091,0.108636,0.146727,
275,0.14371,0.129217,0.125594,0.125594,0.121971,0.187188,0.161826,0.110435,0.110797,0.147333,
276,0.144325,0.129884,0.122664,0.126274,0.122664,0.187646,0.162375,0.108159,0.112942,0.147935,
277,0.144935,0.130547,0.119755,0.12695,0.123353,0.184504,0.162921,0.109496,0.111475,0.148532,
278,0.145541,0.131204,0.120452,0.12762,0.124036,0.184968,0.163462,0.110824,0.113602,0.149125,
279,0.146143,0.131857,0.121143,0.128286,0.124714,0.185429,0.164,0.112143,0.112143,0.146143,
280,0.143181,0.132505,0.121829,0.125388,0.121829,0.185886,0.164534,0.109893,0.110694,0.14674,
281,0.143787,0.133149,0.122511,0.126057,0.118965,0.182794,0.165064,0.10766,0.109255,0.147333,
282,0.144389,0.130254,0.123187,0.123187,0.11612,0.183258,0.162057,0.105442,0.11136,0.147922,
283,0.144986,0.12738,0.123859,0.123859,0.116817,0.183718,0.162592,0.103239,0.113451,0.144986,
284,0.145579,0.128035,0.124526,0.124526,0.117509,0.180667,0.163123,0.104561,0.112018,0.145579,
285,0.146168,0.125189,0.121692,0.125189,0.118196,0.177636,0.16365,0.105874,0.110594,0.146168,
286,0.143268,0.125847,0.122362,0.125847,0.118878,0.178111,0.164174,0.103693,0.109181,0.146753,
287,0.143861,0.1265,0.123028,0.1265,0.119556,0.175111,0.164694,0.105,0.107778,0.143861,
288,0.14445,0.127149,0.123689,0.127149,0.120228,0.175592,0.161751,0.102837,0.109844,0.14445,
289,0.145034,0.127793,0.124345,0.127793,0.120897,0.172621,0.162276,0.104138,0.111897,0.145034,
290,0.142179,0.128433,0.124997,0.128433,0.12156,0.173107,0.162797,0.10543,0.113935,0.145615,
291,0.142767,0.129068,0.125644,0.129068,0.122219,0.170164,0.163315,0.106712,0.115959,0.146192,
292,0.143352,0.126287,0.122874,0.126287,0.119461,0.170655,0.163829,0.104573,0.114556,0.146765,
293,0.143932,0.123524,0.123524,0.123524,0.120122,0.171143,0.16434,0.102449,0.113163,0.147333,
294,0.144508,0.124169,0.124169,0.124169,0.12078,0.171627,0.164847,0.103729,0.115169,0.147898,
295,0.145081,0.124811,0.121432,0.124811,0.121432,0.172108,0.165351,0.105,0.117162,0.148459,
296,0.14565,0.125448,0.122081,0.125448,0.122081,0.172586,0.162485,0.106263,0.115774,0.149017,
297,0.142859,0.122725,0.122725,0.122725,0.122725,0.169705,0.162993,0.107517,0.117752,0.14957,
298,0.143431,0.123365,0.123365,0.123365,0.123365,0.170187,0.160154,0.105418,0.119716,0.15012,
299,0.144,0.120667,0.124,0.124,0.124,0.170667,0.160667,0.106667,0.121667,0.147333,
300,0.144565,0.121309,0.121309,0.121309,0.124631,0.171143,0.161176,0.107907,0.120282,0.147887,
301,0.145126,0.121947,0.121947,0.121947,0.125258,0.168305,0.161682,0.105828,0.118907,0.145126,
302,0.145683,0.122581,0.122581,0.122581,0.125881,0.168785,0.162185,0.107063,0.117541,0.145683,
303,0.142947,0.123211,0.119921,0.123211,0.1265,0.169263,0.162684,0.108289,0.116184,0.146237,
304,0.14023,0.123836,0.117279,0.123836,0.127115,0.169738,0.16318,0.109508,0.114836,0.146787,
305,0.140797,0.12119,0.117922,0.12119,0.127725,0.166941,0.163673,0.107451,0.116765,0.144065,
306,0.138104,0.121818,0.11856,0.11856,0.128332,0.16742,0.164163,0.108664,0.118681,0.144619,
307,0.135429,0.122442,0.115948,0.115948,0.128935,0.164649,0.164649,0.106623,0.120584,0.141922,
308,0.13277,0.123061,0.116589,0.116589,0.129534,0.165133,0.165133,0.104595,0.122476,0.142479,
309,0.133355,0.123677,0.117226,0.117226,0.126903,0.165613,0.165613,0.105806,0.124355,0.143032,
310,0.133936,0.124289,0.117859,0.117859,0.124289,0.16609,0.16609,0.103794,0.123006,0.143582,
311,0.131308,0.124897,0.118487,0.118487,0.124897,0.166564,0.166564,0.101795,0.121667,0.140923,
312,0.131891,0.125502,0.119112,0.119112,0.125502,0.167035,0.167035,0.103003,0.120335,0.141476,
313,0.129287,0.122917,0.116548,0.119732,0.126102,0.167503,0.167503,0.104204,0.122197,0.142025,
314,0.129873,0.123524,0.114,0.120349,0.126698,0.164794,0.164794,0.105397,0.120873,0.142571,
315,0.130456,0.124127,0.114633,0.117797,0.127291,0.162101,0.162101,0.103418,0.122722,0.143114,
316,0.12788,0.124726,0.115262,0.118416,0.12788,0.16258,0.159426,0.101451,0.121404,0.140498,
317,0.128465,0.125321,0.115887,0.115887,0.128465,0.159912,0.159912,0.102642,0.120094,0.141044,
318,0.125912,0.125912,0.116508,0.116508,0.129047,0.160395,0.160395,0.10069,0.118793,0.141586,
319,0.1265,0.1265,0.117125,0.117125,0.1265,0.160875,0.160875,0.09875,0.120625,0.142125,
320,0.123969,0.123969,0.117738,0.117738,0.127084,0.161352,0.158237,0.0968224,0.122445,0.139545,
321,0.124559,0.124559,0.118348,0.118348,0.127665,0.161826,0.15872,0.0949068,0.121149,0.140087,
322,0.125146,0.125146,0.118954,0.118954,0.125146,0.159201,0.159201,0.0960991,0.119861,0.137529,
323,0.125728,0.122642,0.119556,0.119556,0.125728,0.156593,0.159679,0.0941975,0.11858,0.138074,
324,0.123231,0.123231,0.120154,0.117077,0.126308,0.157077,0.160154,0.0953846,0.120385,0.138615,
325,0.123816,0.123816,0.120748,0.117681,0.126883,0.157558,0.160626,0.0965644,0.11911,0.139153,
326,0.124398,0.124398,0.118281,0.118281,0.127456,0.158037,0.161095,0.097737,0.117844,0.139688,
327,0.124976,0.124976,0.118878,0.115829,0.128024,0.158512,0.161561,0.0989024,0.116585,0.14022,
328,0.12555,0.122511,0.119471,0.116432,0.12859,0.158985,0.162024,0.100061,0.115334,0.140748,
329,0.126121,0.123091,0.120061,0.11703,0.129152,0.159455,0.162485,0.101212,0.117121,0.138242,
330,0.126689,0.123668,0.120647,0.117625,0.12971,0.1569,0.159921,0.0993353,0.115876,0.138773,
331,0.127253,0.124241,0.121229,0.118217,0.130265,0.157373,0.160386,0.100482,0.114639,0.139301,
332,0.124811,0.121808,0.121808,0.115802,0.130817,0.157844,0.157844,0.0986186,0.113408,0.136823,
333,0.122383,0.119389,0.122383,0.116395,0.131365,0.158311,0.158311,0.0997605,0.112186,0.134359,
334,0.122955,0.116985,0.11997,0.116985,0.13191,0.158776,0.158776,0.0979104,0.11097,0.13191,
335,0.123524,0.117571,0.120548,0.117571,0.129476,0.159238,0.159238,0.0990476,0.109762,0.132452,
336,0.124089,0.118154,0.121122,0.118154,0.130024,0.15673,0.159697,0.0972107,0.111528,0.132991,
337,0.121692,0.118734,0.121692,0.118734,0.130568,0.157195,0.160154,0.0983432,0.113284,0.133527,
338,0.11931,0.11636,0.12226,0.11931,0.131109,0.154708,0.157658,0.099469,0.11208,0.134059,
339,0.119882,0.116941,0.119882,0.119882,0.128706,0.155176,0.158118,0.100588,0.110882,0.134588,
340,0.117519,0.117519,0.120452,0.117519,0.126317,0.15271,0.158575,0.101701,0.109692,0.132182,
341,0.117281,0.118094,0.121018,0.118094,0.126865,0.153181,0.159029,0.102807,0.108509,0.132713,
342,0.116079,0.118665,0.12158,0.118665,0.127411,0.15365,0.159481,0.100991,0.107332,0.133242,
343,0.117791,0.119233,0.12214,0.116326,0.125047,0.151209,0.157023,0.102093,0.106163,0.13086,
344,0.116899,0.119797,0.122696,0.116899,0.125594,0.151681,0.157478,0.10029,0.105,0.131391,
345,0.118295,0.120358,0.120358,0.117468,0.123249,0.15215,0.157931,0.101387,0.103844,0.131919,
346,0.118035,0.118035,0.120916,0.118035,0.120916,0.152617,0.15838,0.102478,0.102695,0.132444,
347,0.118598,0.118598,0.121471,0.118598,0.118598,0.15308,0.158828,0.103563,0.101552,0.130092,
348,0.116292,0.119158,0.122023,0.119158,0.119158,0.153542,0.156407,0.104642,0.103281,0.127754,
349,0.116857,0.119714,0.122571,0.119714,0.119714,0.154,0.156857,0.105714,0.105,0.125429,
350,0.117419,0.120268,0.123117,0.120268,0.120268,0.154456,0.157305,0.103932,0.106709,0.125966,
351,0.117977,0.120818,0.123659,0.120818,0.120818,0.154909,0.15775,0.105,0.105568,0.123659,
352,0.118533,0.121365,0.124198,0.121365,0.118533,0.15536,0.15536,0.103229,0.104433,0.124198,
353,0.119085,0.12191,0.124734,0.12191,0.119085,0.155808,0.152983,0.104294,0.10613,0.12191,
354,0.119634,0.122451,0.125268,0.119634,0.119634,0.153437,0.153437,0.102535,0.105,0.122451,
355,0.12018,0.122989,0.122989,0.117371,0.117371,0.153888,0.153888,0.103876,0.103876,0.12018,
356,0.117922,0.123524,0.123524,0.117922,0.11512,0.154336,0.154336,0.10556,0.10556,0.120723,
357,0.118469,0.124056,0.124056,0.115676,0.115676,0.154782,0.154782,0.107235,0.104441,0.118469,
358,0.119014,0.124585,0.121799,0.116228,0.116228,0.155226,0.155226,0.106114,0.106114,0.119014,
359,0.119556,0.125111,0.122333,0.116778,0.116778,0.155667,0.155667,0.107778,0.105,0.119556,
360,0.120094,0.125634,0.122864,0.117324,0.117324,0.156105,0.156105,0.106662,0.103892,0.117324,
361,0.12063,0.123392,0.123392,0.117867,0.117867,0.156541,0.156541,0.108315,0.10279,0.117867,
362,0.121163,0.121163,0.121163,0.118408,0.118408,0.156975,0.156975,0.109959,0.101694,0.118408,
363,0.121692,0.118945,0.118945,0.118945,0.118945,0.154659,0.154659,0.108846,0.100604,0.118945,
364,0.122219,0.118699,0.119479,0.119479,0.119479,0.155096,0.155096,0.110479,0.10226,0.119479,
365,0.122743,0.120301,0.120011,0.120011,0.120011,0.15553,0.15553,0.109372,0.103907,0.120011,
366,0.123264,0.119169,0.12054,0.12054,0.12054,0.155962,0.155962,0.10827,0.105545,0.12054,
367,0.123783,0.118043,0.121065,0.121065,0.121065,0.156391,0.156391,0.109891,0.107174,0.121065,
368,0.124298,0.116924,0.121588,0.121588,0.121588,0.156818,0.156818,0.111504,0.108794,0.121588,
369,0.124811,0.116703,0.122108,0.122108,0.122108,0.154541,0.154541,0.110405,0.107703,0.122108,
370,0.125321,0.117235,0.122625,0.122625,0.11993,0.15497,0.15497,0.109313,0.106617,0.11993,
371,0.125828,0.117763,0.12314,0.12314,0.117763,0.155398,0.155398,0.108226,0.105538,0.117763,
372,0.126332,0.11829,0.120971,0.123651,0.115609,0.155823,0.155823,0.107145,0.104464,0.11829,
373,0.126834,0.118813,0.121487,0.12416,0.113465,0.156246,0.156246,0.10607,0.10607,0.118813,
374,0.127333,0.119333,0.122,0.124667,0.114,0.156667,0.154,0.105,0.105,0.116667,
375,0.12783,0.119851,0.122511,0.12517,0.114532,0.157085,0.154426,0.106596,0.103936,0.117191,
376,0.128324,0.120366,0.123019,0.125671,0.112408,0.157501,0.154849,0.105531,0.105531,0.117714,
377,0.126169,0.120878,0.120878,0.126169,0.112942,0.15527,0.15527,0.104471,0.107116,0.118233,
378,0.126665,0.121388,0.121388,0.126665,0.110834,0.15305,0.155689,0.103417,0.108694,0.118749,
379,0.127158,0.121895,0.121895,0.124526,0.111368,0.153474,0.156105,0.105,0.107632,0.116632,
380,0.127648,0.122399,0.122399,0.125024,0.1119,0.153895,0.15652,0.106575,0.109199,0.114525,
381,0.128136,0.122901,0.122901,0.125518,0.112429,0.154314,0.154314,0.105524,0.110759,0.115047,
382,0.128621,0.120789,0.123399,0.12601,0.112956,0.154731,0.154731,0.107089,0.112311,0.115567,
383,0.129104,0.121292,0.123896,0.1265,0.113479,0.155146,0.155146,0.106042,0.11125,0.116083,
384,0.129584,0.121792,0.12439,0.126987,0.114,0.155558,0.155558,0.107597,0.112792,0.116597,
385,0.127472,0.12229,0.124881,0.124881,0.114518,0.155969,0.155969,0.106554,0.114326,0.117109,
386,0.127953,0.122786,0.12537,0.12537,0.115034,0.156377,0.156377,0.105517,0.113269,0.117618,
387,0.128433,0.120701,0.123278,0.125856,0.115546,0.154206,0.156784,0.104485,0.114794,0.118124,
388,0.12891,0.121198,0.123769,0.126339,0.116057,0.154617,0.154617,0.103458,0.11374,0.118627,
389,0.126821,0.121692,0.124256,0.126821,0.116564,0.152462,0.155026,0.105,0.112692,0.119128,
390,0.124742,0.122184,0.122184,0.127299,0.117069,0.150317,0.152875,0.103977,0.11165,0.119627,
391,0.125224,0.122673,0.122673,0.127776,0.117571,0.148184,0.153286,0.102959,0.110612,0.120122,
392,0.125705,0.120616,0.120616,0.128249,0.118071,0.148606,0.15115,0.10341,0.10958,0.120616,
393,0.123645,0.118569,0.121107,0.128721,0.118569,0.149025,0.151563,0.101827,0.108553,0.121107,
394,0.121595,0.119063,0.119063,0.12919,0.119063,0.149443,0.151975,0.102785,0.110063,0.121595,
395,0.122081,0.11703,0.119556,0.129657,0.119556,0.149859,0.152384,0.103737,0.111566,0.122081,
396,0.122564,0.117526,0.120045,0.130121,0.120045,0.147753,0.152791,0.102166,0.110542,0.122564,
397,0.123045,0.11802,0.120533,0.130583,0.120533,0.148171,0.153196,0.101985,0.109523,0.123045,
398,0.121018,0.118511,0.121018,0.131043,0.121018,0.148586,0.153599,0.101554,0.108509,0.123524,
399,0.1215,0.119,0.1215,0.1315,0.1215,0.149,0.154,0.1025,0.1075,0.124,
400,0.12198,0.119486,0.12198,0.131955,0.119486,0.146918,0.154399,0.103441,0.106496,0.12198,
401,0.122458,0.11997,0.11997,0.132408,0.117483,0.147333,0.152308,0.101891,0.105498,0.11997,
402,0.122933,0.11797,0.120452,0.132859,0.11797,0.147747,0.15271,0.102829,0.106985,0.120452,
403,0.123406,0.118455,0.118455,0.133307,0.118455,0.148158,0.150634,0.103762,0.108465,0.120931,
404,0.123877,0.118938,0.118938,0.133753,0.118938,0.146099,0.151037,0.102531,0.107469,0.118938,
405,0.124345,0.119419,0.116956,0.134197,0.119419,0.144049,0.151438,0.101552,0.106478,0.119419,
406,0.124811,0.119897,0.11744,0.134639,0.119897,0.144467,0.151838,0.101622,0.107948,0.119897,
407,0.125275,0.120373,0.117922,0.135078,0.120373,0.144882,0.152235,0.102549,0.106961,0.117922,
408,0.125736,0.120846,0.118401,0.135516,0.120846,0.145296,0.152631,0.103533,0.105978,0.118401,
409,0.126195,0.121317,0.118878,0.133512,0.121317,0.145707,0.153024,0.102561,0.105,0.118878,
410,0.126652,0.121786,0.11692,0.133951,0.121786,0.146117,0.153416,0.101594,0.104027,0.119353,
411,0.127107,0.122252,0.117398,0.134388,0.122252,0.146524,0.151379,0.103058,0.103058,0.119825,
412,0.127559,0.122717,0.117874,0.134823,0.122717,0.14693,0.151772,0.102094,0.102094,0.120295,
413,0.12801,0.123179,0.118348,0.135256,0.120763,0.147333,0.152164,0.101135,0.101135,0.120763,
414,0.128458,0.124277,0.118819,0.135687,0.118819,0.147735,0.152554,0.10259,0.10259,0.121229,
415,0.128904,0.124096,0.119288,0.136115,0.119288,0.148135,0.150538,0.101635,0.101635,0.121692,
416,0.129348,0.124664,0.119755,0.136542,0.119755,0.148532,0.15093,0.100683,0.100683,0.119755,
417,0.129789,0.126053,0.117828,0.136967,0.12022,0.148928,0.151321,0.0997368,0.0997368,0.12022,
418,0.130229,0.125048,0.118296,0.137389,0.120683,0.146936,0.151709,0.101181,0.101181,0.120683,
419,0.130667,0.124048,0.118762,0.13781,0.121143,0.147333,0.149714,0.102619,0.100238,0.121143,
420,0.131102,0.123052,0.119226,0.138228,0.121601,0.147729,0.147729,0.10405,0.101675,0.119226,
421,0.131536,0.124431,0.119687,0.138645,0.122057,0.148123,0.148123,0.105474,0.103104,0.119687,
422,0.131967,0.12344,0.120147,0.139059,0.122511,0.148515,0.148515,0.104527,0.102163,0.120147,
423,0.132396,0.122962,0.118245,0.139472,0.122962,0.148906,0.148906,0.103585,0.103585,0.118245,
424,0.130471,0.123824,0.118706,0.139882,0.121059,0.146941,0.146941,0.105,0.105,0.116353,
425,0.128554,0.123859,0.116817,0.137944,0.121512,0.147333,0.147333,0.104061,0.104061,0.116817,
426,0.128988,0.124304,0.117279,0.138356,0.121963,0.147724,0.147724,0.103126,0.105468,0.117279,
427,0.127084,0.123224,0.117738,0.138766,0.122411,0.148112,0.148112,0.102196,0.106869,0.117738,
428,0.12752,0.12458,0.118196,0.136844,0.122858,0.148499,0.148499,0.10127,0.108263,0.118196,
429,0.127953,0.12593,0.118651,0.137256,0.123302,0.148884,0.148884,0.100349,0.107326,0.118651,
430,0.128385,0.127274,0.119104,0.135346,0.123745,0.149267,0.149267,0.0994316,0.106392,0.119104,
431,0.1265,0.128611,0.119556,0.133444,0.124185,0.149648,0.149648,0.0985185,0.105463,0.117241,
432,0.124624,0.127633,0.120005,0.133861,0.124624,0.150028,0.147718,0.0989376,0.104538,0.117695,
433,0.12506,0.126659,0.120452,0.134276,0.12506,0.148101,0.148101,0.0998157,0.103618,0.118147,
434,0.125494,0.12569,0.120897,0.132391,0.125494,0.146184,0.148483,0.10069,0.102701,0.118598,
435,0.125927,0.127018,0.121339,0.132807,0.125927,0.146569,0.148862,0.10156,0.101789,0.119046,
436,0.126357,0.126053,0.12178,0.133222,0.126357,0.144664,0.146952,0.102426,0.103169,0.119492,
437,0.126785,0.127374,0.122219,0.133635,0.126785,0.14505,0.147333,0.103288,0.104543,0.119936,
438,0.127212,0.126412,0.122656,0.134046,0.127212,0.145435,0.147713,0.104146,0.103633,0.120378,
439,0.127636,0.127727,0.120818,0.134455,0.127636,0.145818,0.148091,0.105,0.102727,0.120818,
440,0.128059,0.126769,0.121256,0.132594,0.128059,0.1462,0.148467,0.10585,0.104093,0.121256,
441,0.126217,0.125814,0.121692,0.133005,0.12848,0.146579,0.148842,0.106697,0.10319,0.121692,
442,0.126641,0.127122,0.122126,0.133413,0.128898,0.146957,0.149214,0.10754,0.102291,0.122126,
443,0.127063,0.126171,0.122559,0.13382,0.129315,0.145081,0.149586,0.108378,0.103649,0.122559,
444,0.127483,0.125225,0.120742,0.134225,0.12973,0.143213,0.149955,0.106966,0.105,0.122989,
445,0.127901,0.126525,0.121175,0.134628,0.127901,0.143596,0.150323,0.105561,0.104103,0.123417,
446,0.128318,0.127819,0.121606,0.135029,0.128318,0.143978,0.148452,0.104161,0.105447,0.123843,
447,0.128732,0.126875,0.122036,0.135429,0.128732,0.144357,0.148821,0.102768,0.104554,0.124268,
448,0.126918,0.125935,0.122463,0.135826,0.129145,0.144735,0.149189,0.101381,0.103664,0.122463,
449,0.127333,0.125111,0.122889,0.136222,0.129556,0.142889,0.149556,0.1,0.102778,0.120667,
450,0.127747,0.126286,0.123313,0.136616,0.129965,0.143268,0.14992,0.0986253,0.101896,0.118878,
451,0.128159,0.125354,0.123735,0.137009,0.130372,0.141434,0.150283,0.099469,0.101018,0.11931,
452,0.12857,0.126634,0.124155,0.1374,0.12857,0.141815,0.148437,0.0981015,0.100143,0.11974,
453,0.128978,0.125705,0.124573,0.137789,0.128978,0.142194,0.148802,0.0989427,0.101476,0.120167,
454,0.129385,0.126978,0.124989,0.135978,0.129385,0.140374,0.149165,0.0997802,0.100604,0.120593,
455,0.129789,0.126053,0.125404,0.136368,0.129789,0.140754,0.149526,0.0984211,0.0997368,0.121018,
456,0.130193,0.127319,0.125816,0.134569,0.130193,0.138945,0.149886,0.099256,0.0988731,0.12144,
457,0.130594,0.128581,0.124044,0.134961,0.130594,0.139328,0.150245,0.100087,0.0980131,0.12186,
458,0.130993,0.127658,0.122279,0.135351,0.130993,0.139708,0.150601,0.100915,0.0971569,0.122279,
459,0.131391,0.126739,0.122696,0.135739,0.131391,0.137913,0.150957,0.0995652,0.0963043,0.122696,
460,0.131787,0.125824,0.120941,0.136126,0.131787,0.138295,0.15131,0.10039,0.0954555,0.120941,
461,0.130017,0.124913,0.121359,0.136511,0.130017,0.136511,0.151662,0.101212,0.0967749,0.121359,
462,0.130415,0.124006,0.121775,0.136894,0.130415,0.136894,0.152013,0.10203,0.0959287,0.121775,
463,0.128655,0.123103,0.120034,0.137276,0.128655,0.137276,0.152362,0.102845,0.0972414,0.12219,
464,0.129054,0.124355,0.120452,0.137656,0.129054,0.137656,0.15271,0.103656,0.0963978,0.122602,
465,0.129451,0.123455,0.120867,0.138034,0.127305,0.138034,0.15091,0.104464,0.0977039,0.123013,
466,0.129846,0.1247,0.121281,0.138411,0.125563,0.138411,0.151259,0.105268,0.096863,0.123422,
467,0.130239,0.12594,0.121692,0.138786,0.125966,0.138786,0.14947,0.103932,0.0981624,0.123829,
468,0.130631,0.127175,0.122102,0.13916,0.126367,0.13916,0.149821,0.104733,0.0973241,0.124235,
469,0.131021,0.126277,0.120383,0.139532,0.126766,0.139532,0.15017,0.103404,0.0964894,0.124638,
470,0.129287,0.127505,0.120794,0.139902,0.127163,0.139902,0.148395,0.104204,0.0956582,0.12504,
471,0.129678,0.128729,0.121203,0.140271,0.127559,0.140271,0.146627,0.105,0.0948305,0.125441,
472,0.130068,0.127833,0.121611,0.140638,0.127953,0.140638,0.146981,0.103679,0.0940063,0.125839,
473,0.130456,0.129051,0.122017,0.141004,0.128346,0.141004,0.147333,0.104473,0.0952954,0.126236,
474,0.130842,0.130263,0.122421,0.141368,0.128737,0.141368,0.147684,0.105263,0.0965789,0.126632,
475,0.131227,0.131471,0.122824,0.141731,0.129126,0.13963,0.148034,0.10395,0.0978571,0.127025,
476,0.129514,0.132673,0.123224,0.142092,0.129514,0.139996,0.148382,0.104738,0.0970335,0.125321,
477,0.1299,0.131778,0.123623,0.14036,0.1299,0.138268,0.148728,0.105523,0.0962134,0.123623,
478,0.130284,0.132975,0.124021,0.140722,0.130284,0.136547,0.146985,0.106305,0.0953967,0.124021,
479,0.130667,0.134167,0.124417,0.141083,0.130667,0.136917,0.14525,0.107083,0.0966667,0.124417,
480,0.131048,0.133274,0.124811,0.141443,0.131048,0.135206,0.145601,0.10578,0.0979314,0.122732,
481,0.131427,0.134461,0.125203,0.141801,0.129353,0.135577,0.143876,0.104481,0.0971162,0.121054,
482,0.131805,0.133571,0.125594,0.142157,0.129735,0.135946,0.144228,0.103188,0.0963043,0.121453,
483,0.132182,0.132686,0.125983,0.142512,0.12805,0.136314,0.144579,0.103967,0.0954959,0.121851,
484,0.132557,0.133866,0.126371,0.142866,0.128433,0.13668,0.144928,0.10268,0.0967526,0.122247,
485,0.13293,0.135041,0.126757,0.143218,0.128815,0.137045,0.143218,0.103457,0.0959465,0.122642,
486,0.131248,0.136211,0.127142,0.143569,0.129195,0.135355,0.143569,0.10423,0.0971971,0.123035,
487,0.131623,0.135328,0.127525,0.143918,0.129574,0.135721,0.143918,0.105,0.0963934,0.123426,
488,0.131996,0.134448,0.127906,0.144266,0.129951,0.136086,0.142221,0.103722,0.095593,0.123816,
489,0.132367,0.133571,0.128286,0.142571,0.128286,0.136449,0.140531,0.10449,0.0947959,0.122163,
490,0.132737,0.132699,0.126627,0.142921,0.128664,0.136811,0.140884,0.105255,0.094002,0.120517,
491,0.133106,0.131829,0.127008,0.143268,0.129041,0.137171,0.139203,0.106016,0.0952439,0.120911,
492,0.133473,0.130963,0.127387,0.143615,0.129416,0.137529,0.137529,0.104746,0.0944523,0.121302,
493,0.131814,0.130101,0.127765,0.14396,0.129789,0.137887,0.137887,0.105506,0.093664,0.119668,
494,0.132182,0.129242,0.128141,0.144303,0.130162,0.138242,0.138242,0.104242,0.0928788,0.120061,
495,0.132548,0.128387,0.128516,0.142629,0.130532,0.138597,0.138597,0.105,0.0920968,0.118435,
496,0.132913,0.127535,0.126877,0.142974,0.130901,0.13895,0.13895,0.105755,0.0913179,0.118829,
497,0.133277,0.126687,0.125245,0.143317,0.131269,0.139301,0.137293,0.106506,0.0925502,0.117213,
498,0.131635,0.127846,0.125623,0.143659,0.131635,0.139651,0.137647,0.107255,0.0937776,0.117607,
499,0.132,0.127,0.126,0.144,0.132,0.14,0.138,0.108,0.093,0.116,
500,0.132363,0.126158,0.124379,0.144339,0.132363,0.138351,0.138351,0.108743,0.0922255,0.114399,
501,0.132725,0.125319,0.124757,0.144677,0.132725,0.138701,0.138701,0.10749,0.0914542,0.114797,
502,0.131097,0.124483,0.125133,0.145014,0.133085,0.137062,0.13905,0.108231,0.092674,0.115193,
503,0.13146,0.125635,0.125508,0.145349,0.133444,0.137413,0.139397,0.108968,0.0919048,0.115587,
504,0.131822,0.126782,0.125881,0.145683,0.133802,0.137762,0.139743,0.107723,0.0931188,0.11598,
505,0.132182,0.127925,0.126253,0.146016,0.134158,0.136134,0.140087,0.108458,0.0943281,0.116372,
506,0.13254,0.127091,0.124651,0.144375,0.134513,0.136485,0.14043,0.109191,0.0955325,0.116761,
507,0.132898,0.12626,0.125024,0.14274,0.132898,0.136835,0.140772,0.109921,0.0967323,0.11715,
508,0.133253,0.125432,0.125395,0.143077,0.131289,0.137183,0.141112,0.110648,0.0979273,0.117536,
509,0.133608,0.126569,0.125765,0.143412,0.131647,0.137529,0.141451,0.111373,0.0971569,0.117922,
510,0.133961,0.125744,0.124176,0.141789,0.130047,0.137875,0.141789,0.112094,0.0983464,0.118305,
511,0.134312,0.124922,0.124547,0.142125,0.130406,0.138219,0.140172,0.110859,0.0995313,0.116734,
512,0.134663,0.124103,0.124916,0.14246,0.128815,0.138561,0.140511,0.111579,0.100712,0.117119,
513,0.135012,0.123288,0.125284,0.140848,0.129175,0.138903,0.140848,0.112296,0.101887,0.115556,
514,0.135359,0.122476,0.12565,0.139243,0.129534,0.137301,0.139243,0.11301,0.101117,0.115942,
515,0.135705,0.121667,0.126016,0.139581,0.129891,0.137643,0.139581,0.111783,0.100349,0.116326,
516,0.13605,0.122795,0.124445,0.139919,0.130248,0.13605,0.139919,0.112495,0.101518,0.116708,
517,0.134463,0.123919,0.124811,0.138324,0.130602,0.134463,0.138324,0.113205,0.102683,0.117089,
518,0.134809,0.123112,0.125175,0.138663,0.130956,0.134809,0.138663,0.113911,0.101917,0.117468,
519,0.135154,0.122308,0.125538,0.139,0.131308,0.135154,0.139,0.114615,0.103077,0.115923,
520,0.135497,0.123426,0.1259,0.139336,0.131658,0.135497,0.139336,0.113397,0.102313,0.116303,
521,0.135839,0.122625,0.126261,0.13967,0.132008,0.135839,0.13967,0.112184,0.101552,0.114766,
522,0.13618,0.121826,0.12662,0.140004,0.132356,0.13618,0.140004,0.110975,0.100793,0.115147,
523,0.134611,0.122939,0.126977,0.138427,0.132702,0.136519,0.140336,0.111679,0.101947,0.115527,
524,0.134952,0.124048,0.127333,0.138762,0.133048,0.136857,0.140667,0.110476,0.10119,0.115905,
525,0.135293,0.123251,0.127688,0.137194,0.133392,0.137194,0.139095,0.111179,0.100437,0.116281,
526,0.135632,0.124355,0.128042,0.137529,0.133734,0.137529,0.139427,0.109981,0.0996869,0.116657,
527,0.13597,0.123561,0.128394,0.13597,0.134076,0.137864,0.139758,0.110682,0.0989394,0.115136,
528,0.136306,0.12466,0.128745,0.136306,0.134416,0.138197,0.140087,0.10949,0.100085,0.115512,
529,0.136642,0.125755,0.129094,0.136642,0.132868,0.138528,0.140415,0.110189,0.0993396,0.115887,
530,0.136976,0.126846,0.129443,0.136976,0.133209,0.138859,0.138859,0.110885,0.10048,0.11626,
531,0.137308,0.126053,0.129789,0.135429,0.133549,0.139188,0.139188,0.109699,0.101617,0.116632,
532,0.13764,0.125263,0.130135,0.133887,0.133887,0.139516,0.139516,0.110394,0.102749,0.117002,
533,0.13797,0.124476,0.128607,0.134225,0.134225,0.139843,0.139843,0.109213,0.102004,0.115498,
534,0.138299,0.123692,0.128953,0.132692,0.134561,0.140168,0.140168,0.108037,0.101262,0.115869,
535,0.138627,0.12291,0.129299,0.13303,0.134896,0.140493,0.140493,0.106866,0.100522,0.116239,
536,0.138953,0.122132,0.12778,0.133367,0.133367,0.140816,0.140816,0.105698,0.0997858,0.116607,
537,0.139279,0.123216,0.126268,0.133703,0.133703,0.141138,0.141138,0.104535,0.099052,0.115115,
538,0.139603,0.12244,0.126616,0.134037,0.134037,0.141458,0.139603,0.105232,0.100176,0.115484,
539,0.139926,0.123519,0.125111,0.13437,0.13437,0.141778,0.139926,0.105926,0.0994444,0.115852,
540,0.140248,0.124593,0.12546,0.134702,0.134702,0.140248,0.138399,0.106617,0.0987153,0.116218,
541,0.140568,0.123819,0.125808,0.135033,0.135033,0.140568,0.138723,0.107306,0.0979889,0.114738,
542,0.140888,0.123048,0.126155,0.135363,0.135363,0.140888,0.139046,0.107993,0.0991068,0.115105,
543,0.141206,0.122279,0.1265,0.135691,0.135691,0.141206,0.139368,0.106838,0.100221,0.113632,
544,0.141523,0.123349,0.126844,0.134183,0.136018,0.141523,0.139688,0.107523,0.0994954,0.114,
545,0.140007,0.124414,0.127187,0.134513,0.134513,0.141839,0.140007,0.106374,0.0987729,0.114366,
546,0.140325,0.123647,0.127528,0.134841,0.134841,0.142154,0.140325,0.107057,0.0998812,0.114731,
547,0.138818,0.122883,0.126044,0.135168,0.135168,0.140642,0.140642,0.105912,0.100985,0.11327,
548,0.139137,0.123944,0.126386,0.135494,0.135494,0.140958,0.140958,0.106594,0.102086,0.111814,
549,0.139455,0.123182,0.124909,0.135818,0.135818,0.141273,0.141273,0.107273,0.101364,0.112182,
550,0.139771,0.122423,0.125252,0.136142,0.136142,0.141586,0.141586,0.107949,0.102459,0.112548,
551,0.140087,0.121667,0.125594,0.136464,0.136464,0.141899,0.141899,0.108623,0.103551,0.112913,
552,0.140401,0.120913,0.125935,0.136785,0.136785,0.14221,0.14221,0.109295,0.10283,0.113277,
553,0.13891,0.120162,0.126274,0.137105,0.137105,0.14252,0.14252,0.109964,0.102112,0.113639,
554,0.139225,0.119414,0.126613,0.137423,0.137423,0.142829,0.141027,0.108829,0.101396,0.112198,
555,0.13954,0.120468,0.12695,0.137741,0.137741,0.143137,0.141338,0.107698,0.100683,0.112561,
556,0.139853,0.119722,0.12549,0.138057,0.138057,0.143443,0.141648,0.108366,0.0999731,0.112923,
557,0.140165,0.118978,0.125828,0.136581,0.138373,0.143749,0.141957,0.109032,0.101057,0.111491,
558,0.140476,0.120027,0.124376,0.136898,0.138687,0.144054,0.142265,0.109696,0.100349,0.111853,
559,0.140786,0.119286,0.124714,0.137214,0.139,0.144357,0.140786,0.110357,0.101429,0.112214,
560,0.139312,0.118547,0.125052,0.137529,0.139312,0.14466,0.141094,0.111016,0.102504,0.112574,
561,0.139623,0.117811,0.123609,0.136064,0.139623,0.144961,0.141402,0.111673,0.103577,0.112932,
562,0.139933,0.118854,0.123947,0.13638,0.138156,0.143485,0.139933,0.112327,0.104645,0.11329,
563,0.138468,0.119894,0.124284,0.136695,0.138468,0.143787,0.140241,0.111206,0.105709,0.113645,
564,0.138779,0.120929,0.124619,0.137009,0.138779,0.144088,0.140549,0.111858,0.10677,0.114,
565,0.139088,0.121961,0.124954,0.137322,0.137322,0.144389,0.140855,0.112509,0.107827,0.114353,
566,0.139397,0.122989,0.123524,0.137633,0.137633,0.144688,0.14116,0.111393,0.107116,0.112942,
567,0.139704,0.122254,0.122099,0.136183,0.137944,0.144986,0.141465,0.112042,0.108169,0.113296,
568,0.140011,0.12152,0.122436,0.136496,0.138253,0.145283,0.141768,0.110931,0.109218,0.113649,
569,0.140316,0.120789,0.121018,0.135053,0.136807,0.145579,0.14207,0.111579,0.108509,0.114,
570,0.14062,0.120061,0.121356,0.135366,0.137117,0.144123,0.142371,0.112224,0.107802,0.11435,
571,0.140923,0.119336,0.121692,0.135678,0.137427,0.14442,0.142671,0.112867,0.107098,0.114699,
572,0.141225,0.118613,0.122028,0.13599,0.137735,0.14297,0.14297,0.113508,0.106396,0.115047,
573,0.141526,0.117892,0.12062,0.1363,0.138042,0.143268,0.143268,0.114146,0.105697,0.115394,
574,0.141826,0.117174,0.120957,0.136609,0.138348,0.141826,0.143565,0.114783,0.106739,0.115739,
575,0.140389,0.118194,0.121292,0.135181,0.138653,0.142125,0.143861,0.113681,0.107778,0.116083,
576,0.14069,0.117478,0.121626,0.13549,0.138957,0.142423,0.144156,0.112582,0.10708,0.116426,
577,0.14099,0.118495,0.121958,0.135799,0.13926,0.14272,0.14272,0.113218,0.108114,0.116768,
578,0.141288,0.117781,0.12229,0.136107,0.139561,0.143016,0.143016,0.113851,0.109145,0.117109,
579,0.139862,0.118793,0.122621,0.136414,0.138138,0.141586,0.14331,0.112759,0.108448,0.115724,
580,0.138441,0.119802,0.12295,0.134998,0.138441,0.141883,0.143604,0.113391,0.109475,0.116065,
581,0.138742,0.120808,0.123278,0.135306,0.138742,0.14046,0.143897,0.114021,0.110498,0.116405,
582,0.139043,0.120094,0.123605,0.133897,0.139043,0.140758,0.142473,0.114648,0.109803,0.116744,
583,0.139342,0.121096,0.123932,0.134205,0.139342,0.141055,0.141055,0.113562,0.10911,0.117082,
584,0.139641,0.120385,0.124256,0.134513,0.137932,0.14135,0.14135,0.114188,0.108419,0.117419,
585,0.138232,0.119676,0.12458,0.134819,0.136526,0.141645,0.141645,0.114812,0.109437,0.117754,
586,0.136828,0.119792,0.124903,0.133421,0.135124,0.141939,0.140235,0.113731,0.110451,0.118089,
587,0.135429,0.120122,0.123524,0.133728,0.133728,0.142231,0.140531,0.114354,0.111463,0.118422,
588,0.135732,0.120959,0.123847,0.132336,0.134034,0.142523,0.140825,0.114975,0.110772,0.117056,
589,0.136034,0.120254,0.124169,0.132644,0.134339,0.142814,0.141119,0.115593,0.110085,0.11739,
590,0.136335,0.119552,0.122799,0.131259,0.134643,0.143103,0.141411,0.11621,0.109399,0.117723,
591,0.136635,0.119743,0.123122,0.131568,0.134946,0.143392,0.141703,0.115135,0.108716,0.118054,
592,0.136934,0.120071,0.121757,0.131875,0.135248,0.14368,0.141993,0.11575,0.108035,0.116698,
593,0.137232,0.120397,0.122081,0.132182,0.133865,0.142283,0.142283,0.11468,0.10904,0.11703,
594,0.135849,0.119042,0.120723,0.132487,0.132487,0.142571,0.140891,0.115294,0.110042,0.117361,
595,0.136148,0.117752,0.121047,0.132792,0.132792,0.142859,0.141181,0.115906,0.11104,0.117691,
596,0.136446,0.11802,0.12137,0.133095,0.133095,0.143146,0.139796,0.116516,0.11036,0.11802,
597,0.136742,0.118348,0.121692,0.131726,0.133398,0.143431,0.140087,0.117124,0.109682,0.118348,
598,0.137038,0.118674,0.122013,0.13203,0.133699,0.143716,0.138708,0.11606,0.109007,0.118674,
599,0.137333,0.119,0.122333,0.132333,0.134,0.144,0.137333,0.115,0.11,0.119,
600,0.135963,0.119324,0.122652,0.132636,0.132636,0.144283,0.137627,0.115607,0.11099,0.117661,
601,0.134598,0.119648,0.12297,0.132937,0.131276,0.144565,0.13792,0.114551,0.111977,0.117987,
602,0.134896,0.11997,0.123287,0.133237,0.131579,0.144846,0.138212,0.113499,0.11296,0.116653,
603,0.133536,0.118636,0.123603,0.133536,0.131881,0.145126,0.138503,0.114106,0.11394,0.11698,
604,0.133835,0.118959,0.123917,0.133835,0.132182,0.145405,0.138793,0.113058,0.113264,0.115653,
605,0.134132,0.119281,0.122581,0.134132,0.132482,0.145683,0.139083,0.113663,0.112591,0.11598,
606,0.134428,0.119601,0.122896,0.134428,0.132781,0.14596,0.139371,0.112619,0.111919,0.116306,
607,0.134724,0.119921,0.123211,0.134724,0.133079,0.146237,0.139658,0.113224,0.112895,0.116632,
608,0.135018,0.118598,0.123524,0.133376,0.133376,0.146512,0.139944,0.113826,0.112225,0.115314,
609,0.135311,0.118918,0.123836,0.133672,0.132033,0.145148,0.14023,0.112787,0.111557,0.114,
610,0.135604,0.117601,0.124147,0.133967,0.132331,0.145424,0.140514,0.111751,0.110892,0.114327,
611,0.135895,0.118399,0.124458,0.134261,0.132627,0.144065,0.139163,0.112353,0.110229,0.11302,
612,0.134555,0.119356,0.124767,0.134555,0.132923,0.144343,0.137817,0.112953,0.111199,0.111716,
613,0.134847,0.118681,0.125075,0.134847,0.133218,0.14299,0.138104,0.11355,0.110537,0.112046,
614,0.135138,0.118008,0.123756,0.135138,0.133512,0.143268,0.13839,0.11252,0.109878,0.112374,
615,0.135429,0.118961,0.122442,0.135429,0.133805,0.143545,0.137052,0.113117,0.110844,0.112701,
616,0.135718,0.119911,0.122752,0.135718,0.134097,0.143822,0.135718,0.112091,0.110186,0.113028,
617,0.134388,0.120858,0.123061,0.136006,0.134388,0.144097,0.136006,0.112686,0.109531,0.113353,
618,0.134679,0.121801,0.12337,0.136294,0.134679,0.144372,0.136294,0.111664,0.108877,0.113677,
619,0.133355,0.122742,0.123677,0.134968,0.133355,0.143032,0.136581,0.112258,0.109839,0.114,
620,0.133646,0.12368,0.123984,0.133646,0.133646,0.143308,0.135256,0.11285,0.110797,0.114322,
621,0.132328,0.123006,0.124289,0.132328,0.133936,0.143582,0.133936,0.113441,0.111752,0.113035,
622,0.131014,0.123941,0.124594,0.13262,0.13262,0.143856,0.134225,0.114029,0.112705,0.113358,
623,0.131308,0.123269,0.124897,0.131308,0.13291,0.144128,0.134513,0.113013,0.113654,0.113679,
624,0.1316,0.1226,0.1236,0.1316,0.1332,0.1444,0.1348,0.1136,0.1146,0.114,
625,0.131891,0.121933,0.123904,0.130294,0.133489,0.143073,0.135086,0.112588,0.113946,0.114319,
626,0.132182,0.121268,0.122612,0.130587,0.133777,0.143346,0.133777,0.111579,0.114888,0.114638,
627,0.132471,0.122197,0.122917,0.130879,0.134064,0.143618,0.134064,0.112166,0.114236,0.114955,
628,0.13117,0.123124,0.123221,0.13117,0.13435,0.143889,0.13435,0.111161,0.115175,0.115272,
629,0.13146,0.12246,0.123524,0.13146,0.134635,0.144159,0.134635,0.111746,0.114524,0.115587,
630,0.13175,0.121799,0.123826,0.13175,0.134919,0.144428,0.134919,0.11233,0.113875,0.114317,
631,0.130456,0.122722,0.124127,0.132038,0.135203,0.144696,0.135203,0.112911,0.11481,0.113051,
632,0.130746,0.122062,0.124427,0.132325,0.135485,0.144964,0.135485,0.111912,0.114163,0.111788,
633,0.131035,0.121404,0.123148,0.131035,0.134189,0.143653,0.135767,0.112492,0.113517,0.11053,
634,0.131323,0.122323,0.123449,0.131323,0.134472,0.143921,0.136047,0.113071,0.114449,0.11085,
635,0.13161,0.123239,0.123748,0.13161,0.134755,0.144189,0.136327,0.112075,0.113805,0.11117,
636,0.131896,0.122582,0.124047,0.130327,0.135036,0.144455,0.136606,0.111083,0.113163,0.111488,
637,0.132182,0.121928,0.124345,0.130614,0.135317,0.144721,0.136884,0.111661,0.112524,0.111806,
638,0.130901,0.12284,0.124642,0.129336,0.135596,0.144986,0.137161,0.110673,0.111886,0.112122,
639,0.131187,0.12375,0.124937,0.129625,0.135875,0.14525,0.137437,0.109688,0.11125,0.112437,
640,0.131473,0.124657,0.125232,0.129913,0.136153,0.143953,0.137713,0.110265,0.110616,0.112752,
641,0.130199,0.124003,0.123969,0.130199,0.13643,0.144218,0.13643,0.110841,0.109984,0.111508,
642,0.12893,0.123351,0.122709,0.130485,0.136706,0.142927,0.136706,0.111415,0.109355,0.110267,
643,0.129217,0.122702,0.123006,0.13077,0.136981,0.14164,0.136981,0.111988,0.108727,0.110584,
644,0.129504,0.123605,0.123302,0.129504,0.137256,0.141907,0.137256,0.112558,0.108101,0.110899,
645,0.129789,0.122957,0.123598,0.129789,0.135981,0.140625,0.135981,0.113127,0.107477,0.111214,
646,0.130074,0.122311,0.123892,0.130074,0.136257,0.140893,0.136257,0.112148,0.106855,0.109981,
647,0.130358,0.12321,0.124185,0.128815,0.136531,0.14116,0.136531,0.111173,0.106235,0.110296,
648,0.1291,0.122565,0.124478,0.1291,0.136804,0.139886,0.135263,0.111741,0.107157,0.109069,
649,0.129385,0.121923,0.124769,0.129385,0.137077,0.140154,0.134,0.112308,0.108077,0.109385,
650,0.129668,0.121283,0.12506,0.129668,0.135813,0.140421,0.134276,0.112873,0.107458,0.109699,
651,0.129951,0.122178,0.12535,0.129951,0.134552,0.140687,0.133018,0.113436,0.10684,0.110012,
652,0.130233,0.121539,0.125639,0.130233,0.133296,0.139421,0.133296,0.112466,0.106225,0.110325,
653,0.130514,0.120902,0.125927,0.130514,0.132043,0.138159,0.133572,0.113028,0.107141,0.110636,
654,0.130794,0.120267,0.126214,0.130794,0.132321,0.138427,0.132321,0.112061,0.106527,0.110947,
655,0.131073,0.119634,0.1265,0.131073,0.131073,0.138695,0.132598,0.112622,0.105915,0.111256,
656,0.131352,0.120525,0.125263,0.131352,0.131352,0.13744,0.132874,0.113181,0.105304,0.111565,
657,0.131629,0.119894,0.12555,0.130109,0.131629,0.136188,0.133149,0.112219,0.104696,0.111872,
658,0.130388,0.119264,0.125836,0.128871,0.131906,0.136458,0.131906,0.111259,0.10409,0.112179,
659,0.130667,0.120152,0.126121,0.129152,0.132182,0.136727,0.132182,0.111818,0.103485,0.112485,
660,0.130944,0.121036,0.126405,0.129431,0.130944,0.136995,0.132457,0.110862,0.104395,0.11279,
661,0.131221,0.121918,0.126689,0.12971,0.131221,0.137263,0.132731,0.109909,0.105302,0.111583,
662,0.131496,0.12129,0.126971,0.12848,0.131496,0.137529,0.131496,0.110468,0.104698,0.11038,
663,0.131771,0.120663,0.125747,0.127253,0.131771,0.137795,0.131771,0.109518,0.105602,0.110687,
664,0.132045,0.121541,0.12603,0.127534,0.130541,0.136556,0.130541,0.108571,0.105,0.110992,
665,0.132318,0.120916,0.126312,0.127814,0.130817,0.136823,0.130817,0.109129,0.104399,0.111297,
666,0.131091,0.121792,0.126594,0.128093,0.131091,0.135589,0.131091,0.108186,0.103801,0.111601,
667,0.131365,0.121168,0.126874,0.128371,0.131365,0.135856,0.131365,0.108743,0.103204,0.111904,
668,0.131638,0.120546,0.127154,0.127154,0.131638,0.136123,0.131638,0.107803,0.102608,0.110712,
669,0.13191,0.119925,0.127433,0.127433,0.13191,0.136388,0.13191,0.108358,0.103507,0.111015,
670,0.132182,0.120797,0.127711,0.127711,0.132182,0.135162,0.132182,0.108912,0.104404,0.111317,
671,0.132452,0.120179,0.127988,0.127988,0.132452,0.135429,0.132452,0.109464,0.10381,0.111619,
672,0.132722,0.119562,0.128264,0.128264,0.132722,0.135694,0.132722,0.108529,0.104703,0.11192,
673,0.131507,0.118947,0.12854,0.12854,0.132991,0.135958,0.132991,0.10908,0.10411,0.11222,
674,0.131778,0.118333,0.128815,0.128815,0.131778,0.136222,0.133259,0.10963,0.103519,0.112519,
675,0.132047,0.119201,0.127609,0.129089,0.132047,0.136485,0.133527,0.110178,0.102929,0.112817,
676,0.132316,0.118589,0.127885,0.129362,0.132316,0.136747,0.133793,0.110724,0.102341,0.113114,
677,0.132584,0.119454,0.128159,0.128159,0.131109,0.135534,0.134059,0.109794,0.101755,0.11341,
678,0.132851,0.118844,0.128433,0.128433,0.131378,0.135797,0.134324,0.110339,0.101171,0.113705,
679,0.133118,0.118235,0.127235,0.128706,0.131647,0.136059,0.134588,0.109412,0.100588,0.114,
680,0.133383,0.117628,0.12751,0.128978,0.131915,0.13632,0.134852,0.109956,0.101476,0.114294,
681,0.133648,0.11849,0.127783,0.127783,0.132182,0.136581,0.135114,0.109032,0.102361,0.11312,
682,0.133912,0.117884,0.128056,0.128056,0.130984,0.135376,0.135376,0.109575,0.103243,0.113414,
683,0.134175,0.117281,0.128327,0.126865,0.131251,0.135637,0.135637,0.110117,0.102661,0.113708,
684,0.134438,0.118139,0.128599,0.127139,0.131518,0.135898,0.134438,0.109197,0.10208,0.114,
685,0.1347,0.117536,0.128869,0.127411,0.131784,0.136157,0.1347,0.10828,0.102959,0.112834,
686,0.134961,0.116936,0.129138,0.127683,0.132049,0.134961,0.133505,0.108821,0.103836,0.113127,
687,0.133767,0.117791,0.129407,0.127953,0.132314,0.135221,0.133767,0.10936,0.103256,0.113419,
688,0.134029,0.118643,0.128224,0.128224,0.132578,0.13548,0.134029,0.109898,0.104129,0.11371,
689,0.132841,0.118043,0.128493,0.127043,0.132841,0.135739,0.132841,0.108986,0.103551,0.114,
690,0.131656,0.118893,0.128761,0.127314,0.133103,0.135997,0.133103,0.109522,0.102974,0.114289,
691,0.131919,0.118295,0.129029,0.127584,0.133364,0.134809,0.133364,0.110058,0.103844,0.114578,
692,0.132182,0.117698,0.129296,0.127853,0.133625,0.135068,0.132182,0.110592,0.103268,0.114866,
693,0.132444,0.117104,0.129562,0.128121,0.132444,0.135326,0.132444,0.109683,0.104135,0.115153,
694,0.132705,0.116511,0.129827,0.128388,0.132705,0.135583,0.132705,0.110216,0.103561,0.115439,
695,0.132966,0.117356,0.130092,0.128655,0.132966,0.135839,0.132966,0.110747,0.102989,0.115724,
696,0.133225,0.116765,0.130356,0.128921,0.131791,0.136095,0.133225,0.111277,0.103852,0.116009,
697,0.133484,0.116175,0.130619,0.129186,0.130619,0.134917,0.132052,0.111805,0.104713,0.116292,
698,0.133742,0.115587,0.130881,0.129451,0.130881,0.135173,0.132312,0.110901,0.105572,0.116575,
699,0.134,0.115,0.129714,0.129714,0.131143,0.135429,0.132571,0.111429,0.105,0.116857,
700,0.134257,0.114415,0.129977,0.128551,0.131404,0.135683,0.13283,0.111954,0.105856,0.117138,
701,0.134513,0.113832,0.130239,0.128815,0.131664,0.135937,0.133088,0.111054,0.105285,0.117419,
702,0.133346,0.11325,0.130501,0.129078,0.131923,0.136191,0.133346,0.110156,0.106138,0.117698,
703,0.133602,0.114091,0.130761,0.129341,0.130761,0.136443,0.133602,0.109261,0.105568,0.117977,
704,0.133858,0.113511,0.131021,0.129603,0.131021,0.136695,0.133858,0.109787,0.106418,0.118255,
705,0.134113,0.114348,0.13128,0.129864,0.13128,0.13553,0.134113,0.110312,0.10585,0.118533,
706,0.134368,0.113769,0.130124,0.130124,0.130124,0.135782,0.134368,0.10942,0.105283,0.118809,
707,0.133209,0.113192,0.128972,0.130384,0.130384,0.136034,0.134621,0.108531,0.104718,0.119085,
708,0.133464,0.114027,0.129233,0.130643,0.130643,0.136285,0.134874,0.109055,0.105564,0.11936,
709,0.133718,0.114859,0.129493,0.130901,0.130901,0.136535,0.135127,0.108169,0.105,0.119634,
710,0.132565,0.114283,0.129752,0.131159,0.129752,0.136785,0.135378,0.108692,0.105844,0.119907,
711,0.13282,0.113708,0.128607,0.131416,0.128607,0.137034,0.135629,0.109213,0.106685,0.12018,
712,0.131672,0.114537,0.128867,0.131672,0.128867,0.135879,0.135879,0.109734,0.106122,0.120452,
713,0.131927,0.113964,0.129126,0.131927,0.129126,0.136129,0.136129,0.110252,0.10556,0.119322,
714,0.132182,0.11479,0.129385,0.132182,0.129385,0.136378,0.136378,0.109371,0.106399,0.119594,
715,0.131039,0.115615,0.129642,0.131039,0.128246,0.136626,0.136626,0.109888,0.105838,0.118469,
716,0.131294,0.115042,0.1299,0.131294,0.12711,0.135478,0.135478,0.10901,0.105279,0.118742,
717,0.130156,0.114471,0.130156,0.130156,0.12737,0.135727,0.135727,0.109526,0.106114,0.119014,
718,0.130412,0.113901,0.130412,0.130412,0.12763,0.134584,0.135975,0.110042,0.105556,0.119285,
719,0.130667,0.113333,0.130667,0.129278,0.127889,0.134833,0.136222,0.110556,0.105,0.119556,
720,0.130921,0.112767,0.130921,0.129534,0.128147,0.135082,0.136469,0.109681,0.104445,0.119825,
721,0.131175,0.112202,0.131175,0.129789,0.128404,0.133945,0.136715,0.108809,0.105277,0.120094,
722,0.131427,0.111639,0.131427,0.128661,0.128661,0.132811,0.13696,0.109322,0.104723,0.120362,
723,0.13168,0.112459,0.13168,0.128917,0.128917,0.133061,0.135823,0.108453,0.105552,0.12063,
724,0.131931,0.113276,0.131931,0.127793,0.129172,0.13331,0.136069,0.107586,0.105,0.119517,
725,0.132182,0.112713,0.132182,0.12805,0.129427,0.132182,0.136314,0.108099,0.104449,0.119785,
726,0.132432,0.112153,0.132432,0.128305,0.129681,0.132432,0.136558,0.108611,0.1039,0.120052,
727,0.132681,0.112967,0.132681,0.12856,0.129934,0.132681,0.136802,0.107747,0.104725,0.118945,
728,0.13293,0.113779,0.131558,0.128815,0.128815,0.13293,0.137045,0.106886,0.104177,0.119213,
729,0.133178,0.114589,0.131808,0.127699,0.129068,0.133178,0.137288,0.106027,0.10363,0.11811,
730,0.133425,0.114029,0.132057,0.126585,0.129321,0.133425,0.137529,0.105171,0.104453,0.11701,
731,0.133672,0.11347,0.132306,0.126842,0.129574,0.133672,0.13777,0.105683,0.103907,0.115913,
732,0.132554,0.112913,0.132554,0.127097,0.129825,0.133918,0.136647,0.106194,0.103363,0.116183,
733,0.132801,0.112357,0.132801,0.125989,0.130076,0.134163,0.136888,0.106703,0.10282,0.116452,
734,0.133048,0.111803,0.133048,0.126245,0.130327,0.134408,0.137129,0.107211,0.103639,0.116721,
735,0.133293,0.112609,0.133293,0.125141,0.130576,0.134652,0.13737,0.106359,0.103098,0.116989,
736,0.133539,0.113412,0.133539,0.125398,0.130825,0.134896,0.137609,0.106866,0.103915,0.117256,
737,0.133783,0.114214,0.133783,0.125653,0.131073,0.133783,0.137848,0.107371,0.103374,0.117523,
738,0.134027,0.115014,0.134027,0.125908,0.129968,0.134027,0.138087,0.106522,0.104188,0.117789,
739,0.13427,0.115811,0.132919,0.126162,0.130216,0.13427,0.138324,0.107027,0.103649,0.118054,
740,0.133163,0.115256,0.133163,0.126416,0.130464,0.134513,0.138561,0.106181,0.10446,0.116969,
741,0.133407,0.114704,0.133407,0.126668,0.129364,0.134755,0.138798,0.106685,0.103922,0.117235,
742,0.13365,0.114152,0.13365,0.125575,0.129612,0.13365,0.139034,0.107187,0.104731,0.117499,
743,0.133892,0.114946,0.133892,0.125828,0.128516,0.133892,0.137925,0.107688,0.104194,0.117763,
744,0.134134,0.115738,0.134134,0.126081,0.128765,0.134134,0.138161,0.106846,0.103658,0.118027,
745,0.134375,0.116528,0.134375,0.126332,0.129013,0.134375,0.138397,0.107346,0.103123,0.11829,
746,0.134616,0.115977,0.134616,0.126584,0.129261,0.134616,0.138632,0.107845,0.103929,0.117213,
747,0.134856,0.115428,0.134856,0.126834,0.129508,0.134856,0.138866,0.107005,0.103396,0.117476,
748,0.135095,0.116215,0.135095,0.125749,0.129754,0.135095,0.1391,0.106168,0.102864,0.117738,
749,0.135333,0.115667,0.135333,0.124667,0.13,0.135333,0.139333,0.106667,0.103667,0.118,
750,0.135571,0.11512,0.135571,0.124919,0.130245,0.135571,0.139566,0.107164,0.103136,0.118261,
751,0.135809,0.114574,0.134479,0.12517,0.130489,0.135809,0.139798,0.10766,0.102606,0.118521,
752,0.136045,0.114031,0.134717,0.125421,0.129405,0.136045,0.140029,0.108154,0.102078,0.118781,
753,0.134955,0.114814,0.134955,0.125671,0.12965,0.136281,0.14026,0.107321,0.102878,0.117714,
754,0.135192,0.114272,0.135192,0.124596,0.129894,0.135192,0.14049,0.10649,0.102351,0.116649,
755,0.135429,0.115053,0.135429,0.123524,0.130138,0.135429,0.14072,0.106984,0.101825,0.115587,
756,0.135664,0.114511,0.135664,0.122454,0.13038,0.134343,0.140948,0.107477,0.102622,0.115849,
757,0.13458,0.11529,0.13458,0.122707,0.130623,0.13458,0.139858,0.106649,0.103417,0.116111,
758,0.133499,0.11475,0.134817,0.122959,0.130864,0.134817,0.140087,0.107141,0.104209,0.116372,
759,0.133737,0.114211,0.135053,0.123211,0.131105,0.135053,0.140316,0.106316,0.103684,0.116632,
760,0.133974,0.113673,0.135288,0.123461,0.131346,0.135288,0.140544,0.106807,0.104474,0.116891,
761,0.13421,0.113136,0.135522,0.122399,0.131585,0.135522,0.140772,0.105984,0.105262,0.11715,
762,0.134446,0.112602,0.135756,0.12265,0.131824,0.134446,0.139688,0.105164,0.104738,0.117408,
763,0.134681,0.113377,0.13599,0.122901,0.130754,0.134681,0.139916,0.104346,0.105524,0.117665,
764,0.134915,0.112843,0.136222,0.12315,0.129686,0.134915,0.140144,0.103529,0.105,0.117922,
765,0.135149,0.113616,0.136454,0.123399,0.129927,0.133843,0.140371,0.102715,0.104478,0.116872,
766,0.135382,0.113083,0.136686,0.123648,0.130167,0.134078,0.140597,0.101904,0.103957,0.117129,
767,0.135615,0.112552,0.136917,0.123896,0.130406,0.134312,0.140823,0.101094,0.10474,0.117385,
768,0.135847,0.113322,0.137147,0.124143,0.130645,0.133246,0.139748,0.100286,0.10552,0.117641,
769,0.136078,0.112792,0.137377,0.12439,0.129584,0.133481,0.139974,0.100779,0.106299,0.117896,
770,0.135012,0.112263,0.137606,0.124636,0.129824,0.133715,0.1402,0.0999741,0.105778,0.116853,
771,0.133948,0.111736,0.136539,0.124881,0.130062,0.133948,0.13913,0.099171,0.105259,0.115813,
772,0.134181,0.11121,0.136768,0.123832,0.1303,0.134181,0.138062,0.09837,0.104741,0.114776,
773,0.134413,0.111977,0.135705,0.124078,0.130537,0.134413,0.138289,0.098863,0.104225,0.113742,
774,0.134645,0.111452,0.135935,0.124323,0.130774,0.134645,0.138516,0.0993548,0.10371,0.114,
775,0.134876,0.110928,0.134876,0.124567,0.13101,0.134876,0.138742,0.0985567,0.104485,0.112969,
776,0.13382,0.111692,0.135107,0.124811,0.131246,0.135107,0.138968,0.0990476,0.105257,0.113228,
777,0.134051,0.11117,0.135337,0.125054,0.131481,0.134051,0.139193,0.0982519,0.106028,0.112201,
778,0.134282,0.111932,0.134282,0.125297,0.131715,0.134282,0.138134,0.0974583,0.105513,0.111176,
779,0.134513,0.112692,0.133231,0.124256,0.130667,0.134513,0.138359,0.0979487,0.105,0.111436,
780,0.134743,0.113451,0.133462,0.124499,0.130901,0.134743,0.137303,0.0971575,0.105768,0.110415,
781,0.134972,0.114207,0.133693,0.124742,0.131136,0.134972,0.137529,0.0963683,0.105256,0.110675,
782,0.135201,0.114962,0.133923,0.124983,0.131369,0.133923,0.137755,0.0968582,0.104745,0.109658,
783,0.135429,0.115714,0.134153,0.123949,0.131602,0.134153,0.13798,0.0973469,0.10551,0.109918,
784,0.134382,0.115191,0.134382,0.122917,0.131834,0.134382,0.138204,0.0978344,0.106274,0.108904,
785,0.134611,0.114669,0.133338,0.12316,0.132066,0.134611,0.138427,0.0970483,0.105763,0.109165,
786,0.134839,0.115419,0.133568,0.122132,0.132297,0.134839,0.138651,0.0962643,0.105254,0.108155,
787,0.135066,0.116168,0.132528,0.122376,0.131259,0.133797,0.137604,0.0967513,0.104746,0.108416,
788,0.135293,0.116914,0.132758,0.122619,0.13149,0.134025,0.137828,0.097237,0.10424,0.107409,
789,0.135519,0.117658,0.132987,0.122861,0.130456,0.134253,0.138051,0.0977215,0.105,0.107671,
790,0.135745,0.117137,0.133216,0.123102,0.130688,0.13448,0.138273,0.0969406,0.104494,0.107932,
791,0.13597,0.116616,0.133444,0.122081,0.130919,0.134707,0.138495,0.0961616,0.10399,0.108192,
792,0.136194,0.116097,0.133672,0.121062,0.13115,0.134933,0.138716,0.0953846,0.103487,0.108451,
793,0.136418,0.116839,0.13264,0.121305,0.13138,0.135159,0.138937,0.095869,0.102985,0.107451,
794,0.136642,0.116321,0.13161,0.121547,0.13161,0.135384,0.139157,0.0950943,0.102484,0.107711,
795,0.135608,0.115804,0.131839,0.121789,0.131839,0.134352,0.139377,0.0955779,0.101985,0.106714,
796,0.135832,0.116543,0.132068,0.12203,0.132068,0.134577,0.139596,0.0960602,0.102742,0.106974,
797,0.136055,0.117281,0.132296,0.121018,0.131043,0.134802,0.138561,0.0965414,0.102243,0.107233,
798,0.136278,0.116765,0.132523,0.121259,0.13002,0.135026,0.138781,0.0970213,0.101746,0.107492,
799,0.1365,0.1175,0.13275,0.1215,0.13025,0.13525,0.13775,0.0975,0.10125,0.1065,
800,0.135473,0.118233,0.132976,0.12174,0.130479,0.135473,0.136722,0.0967291,0.100755,0.106759,
801,0.135696,0.117718,0.133202,0.120733,0.129461,0.134449,0.136943,0.0959601,0.100262,0.107017,
802,0.135918,0.11845,0.133427,0.120974,0.129691,0.134672,0.137163,0.0964384,0.0997696,0.107275,
803,0.136139,0.119179,0.133652,0.121214,0.12992,0.133652,0.137383,0.0969154,0.100522,0.107532,
804,0.13636,0.119907,0.133876,0.121453,0.130149,0.133876,0.137602,0.0973913,0.101273,0.107789,
805,0.136581,0.119392,0.134099,0.120452,0.130377,0.132859,0.137821,0.097866,0.102022,0.108045,
806,0.1368,0.118879,0.134322,0.120691,0.129366,0.133083,0.13804,0.0971004,0.10153,0.1083,
807,0.13702,0.118366,0.134545,0.120931,0.129594,0.133307,0.138257,0.0963366,0.10104,0.107317,
808,0.137239,0.119091,0.134766,0.121169,0.129822,0.13353,0.138475,0.0968109,0.101786,0.107572,
809,0.137457,0.11858,0.134988,0.121407,0.130049,0.133753,0.138691,0.0960494,0.102531,0.106593,
810,0.137674,0.11807,0.135208,0.121645,0.130276,0.133975,0.138908,0.0952898,0.102041,0.106848,
811,0.137892,0.117562,0.135429,0.121882,0.130502,0.134197,0.137892,0.0957635,0.101552,0.107103,
812,0.138108,0.117054,0.135648,0.122118,0.129498,0.134418,0.138108,0.0962362,0.101064,0.107358,
813,0.138324,0.116548,0.135867,0.121125,0.129725,0.134639,0.138324,0.0954791,0.100577,0.107612,
814,0.13854,0.116043,0.136086,0.121362,0.129951,0.134859,0.13854,0.0959509,0.100092,0.106638,
815,0.138755,0.115539,0.136304,0.121598,0.130176,0.135078,0.138755,0.0964216,0.100833,0.106892,
816,0.138969,0.115037,0.136521,0.121834,0.130401,0.135297,0.138969,0.0956671,0.101573,0.105922,
817,0.139183,0.114535,0.136738,0.122068,0.130626,0.135516,0.139183,0.0949144,0.101088,0.106176,
818,0.139397,0.114035,0.135734,0.122303,0.13085,0.135734,0.139397,0.0953846,0.101825,0.105209,
819,0.13961,0.114756,0.134732,0.122537,0.131073,0.135951,0.13839,0.0958537,0.101341,0.105463,
820,0.139822,0.114257,0.13495,0.12277,0.131296,0.136168,0.138604,0.0951035,0.102077,0.105717,
821,0.140034,0.113759,0.135168,0.123002,0.130302,0.136384,0.138818,0.0950219,0.101594,0.105971,
822,0.140245,0.113262,0.135385,0.123235,0.130525,0.1366,0.13903,0.095288,0.101112,0.106224,
823,0.140456,0.113981,0.134388,0.123466,0.129534,0.136816,0.139243,0.0943398,0.101845,0.106476,
824,0.140667,0.113485,0.134606,0.123697,0.129758,0.13703,0.139455,0.0946061,0.101364,0.106727,
825,0.140877,0.11299,0.134823,0.123927,0.129981,0.136034,0.139666,0.0948717,0.100884,0.106978,
826,0.141086,0.112497,0.13504,0.124157,0.130203,0.13504,0.139877,0.0939274,0.100405,0.107229,
827,0.141295,0.112005,0.134048,0.124386,0.130425,0.135256,0.138879,0.0935266,0.101135,0.106271,
828,0.141503,0.11272,0.133059,0.124615,0.130647,0.135472,0.137884,0.0932521,0.100657,0.106521,
829,0.141711,0.112229,0.132072,0.124843,0.130867,0.134482,0.138096,0.0935181,0.100181,0.106771,
830,0.141918,0.111739,0.131088,0.123868,0.131088,0.134698,0.137105,0.0937834,0.0997052,0.10702,
831,0.140923,0.11125,0.131308,0.124096,0.131308,0.134913,0.137317,0.0940481,0.0992308,0.107269,
832,0.141131,0.110762,0.131527,0.124324,0.131527,0.133928,0.137529,0.0943121,0.0987575,0.107517,
833,0.140139,0.110276,0.131746,0.123353,0.131746,0.132945,0.137741,0.0945755,0.0982854,0.107765,
834,0.140347,0.110988,0.131964,0.123581,0.131964,0.133162,0.137952,0.0948383,0.0978144,0.108012,
835,0.140555,0.111699,0.132182,0.123809,0.132182,0.132182,0.138163,0.0951005,0.0985407,0.108258,
836,0.140762,0.111213,0.132399,0.124036,0.131204,0.131204,0.138373,0.095362,0.0992652,0.108504,
837,0.140969,0.110728,0.132616,0.124263,0.131422,0.131422,0.137389,0.0944296,0.0987947,0.107556,
838,0.141175,0.110244,0.132832,0.124489,0.13164,0.13164,0.1376,0.0946913,0.0983254,0.107802,
839,0.14019,0.110952,0.133048,0.124714,0.131857,0.131857,0.13781,0.0949524,0.0990476,0.108048,
840,0.140397,0.111659,0.133263,0.12375,0.132074,0.130885,0.13683,0.0952128,0.0985791,0.108293,
841,0.140603,0.111176,0.13229,0.123976,0.131102,0.131102,0.135853,0.0954727,0.0981116,0.108537,
842,0.140809,0.110694,0.131319,0.124202,0.131319,0.131319,0.136064,0.0957319,0.0988316,0.108781,
843,0.141014,0.110213,0.131536,0.124427,0.131536,0.130351,0.136275,0.0959905,0.0995498,0.107839,
844,0.141219,0.110917,0.131751,0.124651,0.131751,0.130568,0.135302,0.0962485,0.0990828,0.106899,
845,0.141423,0.110437,0.131967,0.123693,0.131967,0.130785,0.135513,0.0965059,0.098617,0.107144,
846,0.141627,0.109959,0.132182,0.122737,0.132182,0.131001,0.135724,0.0967627,0.0993329,0.106208,
847,0.140651,0.109481,0.131217,0.122962,0.132396,0.130038,0.135934,0.0970189,0.100047,0.106453,
848,0.139677,0.109005,0.131432,0.123187,0.131432,0.130254,0.136144,0.0972744,0.0995819,0.105519,
849,0.138706,0.109706,0.131647,0.123412,0.131647,0.129294,0.136353,0.0975294,0.0991176,0.104588,
850,0.137737,0.110405,0.131861,0.123636,0.130686,0.129511,0.136562,0.0977838,0.0986545,0.104834,
851,0.137944,0.10993,0.132075,0.123859,0.129728,0.129728,0.13677,0.0980376,0.0993662,0.10508,
852,0.13815,0.109455,0.132288,0.124082,0.129944,0.129944,0.136978,0.0982907,0.0989039,0.105325,
853,0.138356,0.108981,0.132501,0.124304,0.128988,0.130159,0.137185,0.0985433,0.0984426,0.104398,
854,0.138561,0.109678,0.131544,0.124526,0.129205,0.130374,0.137392,0.0976257,0.099152,0.104643,
855,0.137598,0.110374,0.131757,0.124748,0.129421,0.129421,0.137598,0.0978785,0.0998598,0.10372,
856,0.137804,0.109901,0.130803,0.124968,0.129636,0.128469,0.137804,0.0981307,0.0993991,0.103965,
857,0.138009,0.109429,0.131016,0.124023,0.129851,0.128685,0.138009,0.0983823,0.0989394,0.10421,
858,0.138214,0.108958,0.131229,0.124244,0.130065,0.128901,0.138214,0.0974692,0.0984808,0.104454,
859,0.138419,0.108488,0.130279,0.124465,0.130279,0.129116,0.138419,0.0977209,0.099186,0.104698,
860,0.138623,0.109181,0.129331,0.124685,0.130492,0.129331,0.138623,0.0979721,0.0998897,0.104941,
861,0.138826,0.108712,0.129545,0.124905,0.130705,0.129545,0.138826,0.0982227,0.0994316,0.104023,
862,0.13787,0.109403,0.1286,0.125124,0.130918,0.129759,0.139029,0.097314,0.100133,0.104267,
863,0.138074,0.110093,0.127657,0.125343,0.13113,0.129972,0.139231,0.0964074,0.0996759,0.104509,
864,0.137121,0.109624,0.127873,0.125561,0.131341,0.130185,0.139434,0.096659,0.0992197,0.104751,
865,0.136171,0.109157,0.128088,0.125778,0.131552,0.130397,0.139635,0.0969099,0.0999192,0.104993,
866,0.136376,0.108691,0.128302,0.125995,0.131762,0.130609,0.139836,0.0960069,0.100617,0.105234,
867,0.136581,0.109378,0.128516,0.126212,0.13082,0.13082,0.140037,0.0962581,0.101313,0.105475,
868,0.136785,0.110063,0.12873,0.125277,0.131031,0.131031,0.140237,0.0965086,0.100857,0.105715,
869,0.136989,0.109598,0.127793,0.124345,0.131241,0.130092,0.140437,0.0956092,0.100402,0.104805,
870,0.137192,0.109133,0.128007,0.124563,0.131451,0.130303,0.140636,0.0947118,0.101096,0.105045,
871,0.137394,0.10867,0.12822,0.12478,0.131661,0.129367,0.140835,0.0949633,0.100642,0.104138,
872,0.137597,0.108207,0.128433,0.124997,0.131869,0.128433,0.141033,0.0952142,0.101334,0.104378,
873,0.137799,0.107746,0.128645,0.125213,0.132078,0.128645,0.141231,0.0954645,0.102025,0.104618,
874,0.138,0.108429,0.128857,0.125429,0.132286,0.128857,0.141429,0.0957143,0.101571,0.104857,
875,0.138201,0.10911,0.129068,0.125644,0.131352,0.129068,0.141626,0.0948219,0.101119,0.105096,
876,0.138401,0.109789,0.128139,0.125859,0.13156,0.128139,0.140682,0.0950718,0.101807,0.105334,
877,0.138601,0.109328,0.127212,0.126073,0.131768,0.128351,0.140879,0.0941822,0.101355,0.105572,
878,0.137663,0.108868,0.127424,0.126287,0.131975,0.128562,0.141076,0.0944323,0.100904,0.105809,
879,0.137864,0.108409,0.127636,0.1265,0.131045,0.128773,0.141273,0.0935455,0.101591,0.106045,
880,0.138064,0.107951,0.127848,0.126713,0.131253,0.128983,0.141469,0.0937957,0.101141,0.105146,
881,0.138263,0.107494,0.128059,0.126925,0.13146,0.129193,0.140531,0.0940454,0.100692,0.105383,
882,0.138462,0.108171,0.12827,0.126005,0.131667,0.129402,0.140727,0.0942945,0.100243,0.104487,
883,0.138661,0.107715,0.12848,0.126217,0.130742,0.129611,0.140923,0.094543,0.100928,0.103593,
884,0.138859,0.10726,0.127559,0.126429,0.130949,0.129819,0.139989,0.094791,0.10161,0.103831,
885,0.139056,0.106806,0.12777,0.126641,0.131156,0.130027,0.140185,0.0950384,0.102291,0.102939,
886,0.139254,0.106353,0.12798,0.125725,0.130234,0.130234,0.139254,0.0952852,0.102971,0.103177,
887,0.138324,0.105901,0.128189,0.125937,0.130441,0.129315,0.13945,0.0955315,0.102523,0.103414,
888,0.138522,0.106575,0.128398,0.126148,0.130648,0.129523,0.139647,0.0957773,0.1032,0.103651,
889,0.138719,0.106124,0.127483,0.12636,0.12973,0.12973,0.139843,0.0960225,0.102753,0.103888,
890,0.138916,0.105673,0.127692,0.125448,0.129937,0.129937,0.140038,0.0962671,0.102306,0.104123,
891,0.139112,0.105224,0.127901,0.125659,0.130143,0.130143,0.140233,0.0965112,0.101861,0.104359,
892,0.139308,0.104776,0.12811,0.12587,0.130349,0.130349,0.139308,0.0967548,0.101417,0.104594,
893,0.139503,0.104329,0.128318,0.126081,0.130555,0.130555,0.139503,0.0969978,0.100973,0.104828,
894,0.139698,0.105,0.127408,0.126291,0.13076,0.13076,0.139698,0.0972402,0.100531,0.105061,
895,0.138777,0.10567,0.127616,0.1265,0.130964,0.130964,0.138777,0.0974821,0.100089,0.105295,
896,0.137857,0.105223,0.127824,0.125594,0.131168,0.131168,0.137857,0.0977235,0.100764,0.105527,
897,0.13694,0.104777,0.128031,0.125804,0.131372,0.131372,0.138053,0.0979644,0.100323,0.104646,
898,0.136024,0.104333,0.128238,0.126013,0.131575,0.131575,0.138249,0.0982047,0.0998832,0.104879,
899,0.136222,0.103889,0.128444,0.125111,0.130667,0.131778,0.138444,0.0984444,0.0994444,0.105111,
900,0.13642,0.104556,0.12865,0.125321,0.13087,0.13198,0.138639,0.0986837,0.100117,0.105343,
901,0.136616,0.104113,0.128856,0.12553,0.129965,0.132182,0.138834,0.0989224,0.100787,0.104466,
902,0.136813,0.103671,0.129061,0.125739,0.130168,0.132383,0.139028,0.0991606,0.101456,0.104698,
903,0.137009,0.10323,0.129265,0.124841,0.130372,0.132584,0.138115,0.0993982,0.101018,0.104929,
904,0.136099,0.10279,0.12947,0.123945,0.130575,0.132785,0.138309,0.0996354,0.101685,0.10516,
905,0.136296,0.103455,0.12857,0.124155,0.130777,0.131881,0.138503,0.099872,0.102351,0.105391,
906,0.136492,0.103015,0.128774,0.124364,0.130979,0.132082,0.138697,0.100108,0.101913,0.105621,
907,0.135586,0.103678,0.128978,0.124573,0.131181,0.132282,0.13889,0.100344,0.102577,0.10585,
908,0.134682,0.10324,0.128081,0.124781,0.131382,0.132482,0.139083,0.100579,0.10324,0.106079,
909,0.134879,0.102802,0.127187,0.12389,0.131582,0.132681,0.139275,0.100813,0.102802,0.106308,
910,0.135076,0.102366,0.127392,0.124099,0.131783,0.13288,0.139467,0.0999495,0.102366,0.106536,
911,0.135272,0.10193,0.127596,0.124307,0.131982,0.133079,0.139658,0.100184,0.10193,0.106763,
912,0.135468,0.101495,0.127801,0.124515,0.132182,0.133277,0.139849,0.100418,0.10259,0.10699,
913,0.135663,0.102155,0.128004,0.124722,0.132381,0.133475,0.140039,0.100652,0.102155,0.107217,
914,0.135858,0.101721,0.128208,0.124929,0.132579,0.133672,0.14023,0.100885,0.101721,0.107443,
915,0.136052,0.10238,0.12841,0.125135,0.132777,0.133869,0.140419,0.100026,0.10238,0.107668,
916,0.136246,0.101947,0.128613,0.125341,0.132975,0.134065,0.139518,0.10026,0.101947,0.107893,
917,0.13644,0.101514,0.128815,0.124458,0.133172,0.134261,0.139708,0.100492,0.101514,0.107028,
918,0.136633,0.102171,0.129016,0.124664,0.133369,0.134457,0.13881,0.100725,0.101083,0.107254,
919,0.136826,0.101739,0.129217,0.12487,0.133565,0.134652,0.137913,0.0998696,0.101739,0.106391,
920,0.137018,0.102394,0.128332,0.125075,0.133761,0.133761,0.137018,0.100102,0.101308,0.106617,
921,0.13721,0.101963,0.128534,0.12528,0.133957,0.133957,0.13721,0.100334,0.100879,0.106842,
922,0.137402,0.101533,0.128735,0.125484,0.134152,0.134152,0.137402,0.100566,0.101533,0.107066,
923,0.136511,0.102186,0.128935,0.125688,0.134346,0.134346,0.137593,0.100797,0.101104,0.106208,
924,0.136703,0.101757,0.128054,0.125892,0.134541,0.134541,0.137784,0.101027,0.100676,0.106432,
925,0.136894,0.101328,0.128255,0.126095,0.134734,0.133654,0.137974,0.101257,0.100248,0.106657,
926,0.137085,0.10198,0.128455,0.126298,0.134928,0.133849,0.137085,0.101487,0.099822,0.10688,
927,0.136198,0.101552,0.128655,0.1265,0.135121,0.134043,0.137276,0.101716,0.0993966,0.107103,
928,0.13639,0.102201,0.128855,0.125625,0.135313,0.134237,0.137466,0.101944,0.100048,0.107326,
929,0.136581,0.101774,0.127978,0.125828,0.135505,0.13443,0.137656,0.101097,0.0996237,0.107548,
930,0.136771,0.101348,0.127104,0.12603,0.135697,0.134623,0.136771,0.101325,0.0991998,0.10777,
931,0.136961,0.101996,0.127305,0.126232,0.134815,0.134815,0.136961,0.100481,0.0998498,0.107991,
932,0.137151,0.10157,0.127505,0.126433,0.135008,0.135008,0.137151,0.10071,0.100498,0.108212,
933,0.13734,0.102216,0.127704,0.126634,0.134128,0.135199,0.13734,0.100938,0.100075,0.107362,
934,0.137529,0.102861,0.127904,0.126834,0.134321,0.13539,0.137529,0.100096,0.0996524,0.107583,
935,0.137718,0.102436,0.128103,0.125966,0.134513,0.135581,0.137718,0.100325,0.100299,0.107803,
936,0.136839,0.103079,0.127234,0.126166,0.134704,0.135772,0.137906,0.100553,0.100945,0.106956,
937,0.137028,0.102655,0.127433,0.125301,0.134896,0.135962,0.138094,0.10078,0.101588,0.107177,
938,0.136151,0.102231,0.127632,0.124437,0.134021,0.136151,0.138281,0.101007,0.101166,0.106332,
939,0.13634,0.102872,0.12783,0.124638,0.134213,0.13634,0.138468,0.10017,0.100745,0.106553,
940,0.136529,0.103512,0.128028,0.12484,0.134404,0.136529,0.138655,0.100397,0.101387,0.106774,
941,0.136718,0.104151,0.128225,0.12504,0.134594,0.135656,0.138841,0.100624,0.100966,0.105932,
942,0.136906,0.104788,0.128422,0.125241,0.133724,0.135845,0.139027,0.10085,0.100546,0.106153,
943,0.136034,0.105424,0.128619,0.125441,0.133915,0.136034,0.139212,0.101076,0.101186,0.106373,
944,0.136222,0.105,0.128815,0.12564,0.134106,0.136222,0.139397,0.101302,0.101825,0.105534,
945,0.13641,0.104577,0.127953,0.124782,0.134296,0.13641,0.139581,0.101526,0.101406,0.105755,
946,0.136598,0.105211,0.127094,0.124982,0.134486,0.136598,0.139766,0.101751,0.100987,0.105975,
947,0.136785,0.104789,0.127291,0.125181,0.134675,0.136785,0.139949,0.101975,0.10057,0.106194,
948,0.136972,0.104368,0.127488,0.12538,0.134864,0.136972,0.140133,0.102198,0.101207,0.105359,
949,0.137158,0.105,0.126632,0.125579,0.135053,0.137158,0.140316,0.102421,0.100789,0.105579,
950,0.137344,0.104579,0.126829,0.125777,0.135241,0.137344,0.140498,0.102644,0.100373,0.105798,
951,0.137529,0.10521,0.127025,0.124924,0.135429,0.137529,0.140681,0.102866,0.101008,0.106017,
952,0.137715,0.10479,0.127221,0.125123,0.135616,0.137715,0.140863,0.102038,0.100593,0.105186,
953,0.137899,0.104371,0.127417,0.124273,0.135803,0.137899,0.141044,0.10226,0.101226,0.105405,
954,0.137037,0.105,0.127613,0.124471,0.134942,0.138084,0.140178,0.102482,0.100812,0.105623,
955,0.137222,0.104582,0.127808,0.124669,0.134084,0.138268,0.14036,0.102703,0.100397,0.104795,
956,0.137406,0.104164,0.128002,0.124867,0.134272,0.138451,0.139496,0.102924,0.101029,0.103969,
957,0.137591,0.103747,0.128196,0.125065,0.134459,0.137591,0.138635,0.1021,0.100616,0.104188,
958,0.137775,0.103332,0.12839,0.124219,0.134647,0.137775,0.138818,0.102321,0.100203,0.104407,
959,0.137958,0.103958,0.128583,0.124417,0.134833,0.137958,0.139,0.1015,0.100833,0.104625,
960,0.138142,0.103543,0.128776,0.124614,0.13502,0.138142,0.139182,0.101721,0.100421,0.104843,
961,0.137285,0.104168,0.127929,0.124811,0.135206,0.138324,0.139364,0.101942,0.10001,0.10506,
962,0.137468,0.104792,0.127084,0.123969,0.135391,0.138507,0.139545,0.102162,0.100639,0.105277,
963,0.137651,0.104378,0.127278,0.124166,0.135577,0.138689,0.138689,0.102382,0.100228,0.105494,
964,0.137834,0.103964,0.127472,0.124363,0.135762,0.13887,0.13887,0.102601,0.0998187,0.10571,
965,0.136981,0.103551,0.127665,0.123524,0.135946,0.139052,0.139052,0.10282,0.0994099,0.105925,
966,0.137164,0.103139,0.127857,0.123721,0.13613,0.139233,0.138199,0.102004,0.0990021,0.105107,
967,0.137347,0.102727,0.12805,0.122884,0.136314,0.139413,0.13838,0.102223,0.098595,0.105322,
968,0.137529,0.102317,0.128241,0.123082,0.136497,0.138561,0.137529,0.102442,0.0992208,0.105538,
969,0.13668,0.102938,0.128433,0.123278,0.135649,0.138742,0.137711,0.10266,0.0998454,0.104722,
970,0.136863,0.103558,0.128624,0.123475,0.134803,0.138923,0.137893,0.102877,0.100469,0.104937,
971,0.137045,0.104177,0.128815,0.122642,0.134988,0.139103,0.138074,0.103095,0.101091,0.105152,
972,0.137227,0.103767,0.129005,0.122839,0.135172,0.139283,0.138255,0.103311,0.100683,0.105367,
973,0.137409,0.104384,0.129195,0.123035,0.135355,0.139462,0.138435,0.103528,0.101304,0.105581,
974,0.13759,0.103974,0.129385,0.123231,0.135538,0.139641,0.13759,0.103744,0.101923,0.105795,
975,0.13777,0.103566,0.128549,0.123426,0.135721,0.13982,0.136746,0.103959,0.101516,0.106008,
976,0.137951,0.104181,0.128739,0.123621,0.135904,0.139998,0.135904,0.10315,0.102134,0.106221,
977,0.138131,0.104796,0.127906,0.123816,0.136086,0.140176,0.136086,0.103366,0.101728,0.106434,
978,0.137289,0.104387,0.128096,0.12401,0.136268,0.140353,0.136268,0.103581,0.101323,0.105624,
979,0.137469,0.10398,0.128286,0.124204,0.136449,0.140531,0.136449,0.102776,0.100918,0.104816,
980,0.137649,0.104592,0.128475,0.124398,0.13663,0.139688,0.13663,0.102991,0.100515,0.10503,
981,0.137829,0.104185,0.128664,0.124591,0.136811,0.139866,0.136811,0.103206,0.100112,0.105242,
982,0.138008,0.104797,0.128852,0.124783,0.136991,0.140043,0.136991,0.10342,0.100727,0.105455,
983,0.138187,0.105407,0.128024,0.124976,0.136154,0.14022,0.137171,0.103634,0.101341,0.105667,
984,0.138365,0.106015,0.128213,0.125168,0.136335,0.140396,0.136335,0.103848,0.101954,0.104863,
985,0.138544,0.105609,0.128402,0.125359,0.135501,0.140572,0.136515,0.104061,0.102566,0.105075,
986,0.138721,0.106216,0.12859,0.12555,0.135682,0.140748,0.136695,0.10326,0.103176,0.105287,
987,0.138899,0.10581,0.128777,0.125741,0.13485,0.140923,0.136874,0.103474,0.103785,0.105498,
988,0.138065,0.105404,0.127953,0.125931,0.13402,0.141098,0.137054,0.103687,0.104393,0.105709,
989,0.137232,0.10601,0.128141,0.126121,0.134202,0.140263,0.137232,0.103899,0.105,0.105919,
990,0.137411,0.105605,0.128329,0.125302,0.134383,0.140438,0.137411,0.103102,0.104596,0.106129,
991,0.137589,0.105202,0.128516,0.125492,0.134565,0.140613,0.137589,0.103315,0.105202,0.106339,
992,0.137766,0.105806,0.128703,0.125682,0.133738,0.140788,0.136759,0.103527,0.105806,0.106548,
993,0.137944,0.105402,0.127883,0.124865,0.132913,0.140962,0.136938,0.103738,0.105402,0.105751,
994,0.138121,0.105,0.12807,0.12405,0.133095,0.141136,0.137116,0.10395,0.105,0.10596,
995,0.138297,0.104598,0.128257,0.123237,0.133277,0.141309,0.137293,0.104161,0.105602,0.106169,
996,0.138473,0.104198,0.128443,0.123428,0.133458,0.141482,0.136467,0.104371,0.106204,0.105374,
997,0.137647,0.103798,0.128629,0.123619,0.133639,0.141655,0.136645,0.103579,0.106804,0.105583,
998,0.137824,0.104399,0.128815,0.12381,0.132819,0.141828,0.136823,0.102789,0.106401,0.105792,
999,0.138,0.104,0.129,0.123,0.132,0.142,0.137,0.103,0.107,0.106,
