Name, n, |M|, XMIN
TT_10_0.05_0, 10, 5, -2,-6,-40,-35,-1,-12,-2,-34,-49,-32,
TT_10_0.05_1, 10, 5, -30,-18,-39,-3,-18,-24,0,-4,-6,-4,
TT_10_0.05_2, 10, 3, -48,-20,0,-10,-2,-16,-49,0,-50,-7,
TT_10_0.05_3, 10, 5, -37,-5,-4,0,-38,-16,-37,0,0,-17,
TT_10_0.05_4, 10, 6, -2,-2,-42,-8,-52,-2,0,-42,-43,-41,
TT_10_0.05_5, 10, 4, -17,-14,-14,-12,-23,-29,-12,0,0,-35,
TT_10_0.05_6, 10, 5, -32,-60,0,-9,-16,-58,-29,-3,-58,0,
TT_10_0.05_7, 10, 2, -1,-31,-39,-18,0,-5,-10,-49,-3,-30,
TT_10_0.05_8, 10, 5, -8,-2,-12,-8,-28,-9,-1,-35,-21,-15,
TT_10_0.05_9, 10, 2, -16,-24,-2,0,-9,-40,-4,-6,-32,0,
TT_10_0.05_10, 10, 6, -11,0,-16,-11,-28,-11,-28,-12,-37,0,
TT_10_0.05_11, 10, 6, -20,-1,-60,-13,-1,0,-60,-7,-59,-60,
TT_10_0.05_12, 10, 5, -3,-8,-37,-32,0,-32,-45,-12,-3,-31,
TT_10_0.05_13, 10, 4, -54,-8,-53,-55,0,-14,-53,0,-5,0,
TT_10_0.05_14, 10, 6, -12,-35,-5,-16,-34,-5,-53,0,-53,-5,
TT_10_0.05_15, 10, 7, -19,-44,-44,-24,-7,-7,-8,0,-6,-19,
TT_10_0.05_16, 10, 7, -42,-34,-37,-63,-62,-34,-3,0,-13,-14,
TT_10_0.05_17, 10, 7, -8,-16,-10,-20,-17,-8,-1,-31,-26,-10,
TT_10_0.05_18, 10, 4, -41,-3,-32,-12,-5,-2,-18,-11,-23,0,
TT_10_0.05_19, 10, 7, -5,-6,-26,-4,-18,-17,-1,-18,-4,-21,
TT_10_0.05_20, 10, 5, -57,-59,-39,-38,-15,-4,0,-7,-40,0,
TT_10_0.05_21, 10, 8, -7,-35,-21,-6,-45,-19,-37,-6,-5,-5,
TT_10_0.05_22, 10, 5, -13,-10,-19,0,0,-11,-35,-1,-36,-9,
TT_10_0.05_23, 10, 4, 0,-9,-13,-32,-41,-18,-8,0,-3,-33,
TT_10_0.05_24, 10, 9, -19,-37,-16,-16,-4,-2,-7,-8,-4,-35,
TT_10_0.05_25, 10, 10, -39,-23,-11,-57,-56,-10,-23,-2,-2,-37,
TT_10_0.05_26, 10, 4, -36,-4,-17,-5,0,-3,-23,-45,-29,-15,
TT_10_0.05_27, 10, 8, 0,-63,-20,-17,-19,-62,-32,-61,-35,-1,
TT_10_0.05_28, 10, 9, -6,-30,-45,-6,-23,-24,-12,-6,-45,-14,
TT_10_0.05_29, 10, 7, -1,-8,-2,-30,-29,-8,-2,-39,-3,-14,
TT_10_0.05_30, 10, 6, -6,-29,-17,-5,0,-9,0,-37,-18,-29,
TT_10_0.05_31, 10, 4, -10,-41,-11,-12,-27,-20,0,-3,-33,-16,
TT_10_0.05_32, 10, 7, 0,0,-46,-6,-9,-47,-55,-22,-20,-48,
TT_10_0.05_33, 10, 5, -6,-8,-26,-5,-36,-1,-6,-19,-1,-12,
TT_10_0.05_34, 10, 6, -7,-7,-7,-29,-15,-29,-11,-9,-7,0,
TT_10_0.05_35, 10, 6, -5,-2,0,0,-27,-24,-26,-51,-53,-52,
TT_10_0.05_36, 10, 5, -10,-41,-18,-39,-6,0,-48,-7,-40,0,
TT_10_0.05_37, 10, 9, 0,-60,-41,-60,-8,-40,-11,-42,-42,-10,
TT_10_0.05_38, 10, 6, -2,-8,-60,-62,0,-22,0,-62,-62,-21,
TT_10_0.05_39, 10, 8, -41,0,-5,-10,-4,-25,-42,-15,-25,-11,
TT_10_0.05_40, 10, 4, -23,-19,-30,0,-19,0,-9,-2,-10,-36,
TT_10_0.05_41, 10, 6, -10,-23,-18,-40,-40,-11,-9,-12,0,-9,
TT_10_0.05_42, 10, 6, -37,-11,-7,-23,-36,0,-8,-22,-1,-45,
TT_10_0.05_43, 10, 5, -38,-6,0,-7,-13,-37,-1,-38,-9,0,
TT_10_0.05_44, 10, 6, -59,0,-12,-62,-7,-24,-40,-1,-40,-25,
TT_10_0.05_45, 10, 5, -14,-29,-5,0,-9,-28,-7,-4,-35,-3,
TT_10_0.05_46, 10, 6, -29,-12,-16,-11,-1,-1,-28,0,-36,-4,
TT_10_0.05_47, 10, 2, -35,-3,-27,-2,-7,0,-19,0,-20,-44,
TT_10_0.05_48, 10, 5, 0,-6,-9,-22,-8,-7,-14,-36,0,-36,
TT_10_0.05_49, 10, 5, -16,-16,-28,-47,-46,0,-17,0,-21,-3,
TT_10_0.25_0, 10, 3, -12,-3,-41,-32,-4,-23,-50,0,-25,-2,
TT_10_0.25_1, 10, 6, -2,-10,-2,-24,-50,0,0,-27,-50,-39,
TT_10_0.25_2, 10, 2, -30,-39,-1,0,0,-1,-45,-9,-25,0,
TT_10_0.25_3, 10, 4, -4,-31,-5,0,0,0,-2,-19,-1,-25,
TT_10_0.25_4, 10, 4, -39,-9,0,0,-42,0,0,-13,-32,-7,
TT_10_0.25_5, 10, 4, -12,-23,-50,-47,0,0,0,-4,-22,-6,
TT_10_0.25_6, 10, 4, 0,0,-1,-37,-24,-21,0,-37,0,-15,
TT_10_0.25_7, 10, 5, -6,-4,-2,-2,-1,-2,-2,-12,-17,-2,
TT_10_0.25_8, 10, 3, -3,-1,-33,-54,-6,0,-33,-44,-1,-11,
TT_10_0.25_9, 10, 2, -44,-1,-7,-1,-31,-2,0,-43,-13,0,
TT_10_0.25_10, 10, 7, -39,-23,0,-24,-38,-1,0,-27,-1,-1,
TT_10_0.25_11, 10, 3, 0,-16,-20,-1,-1,0,-4,-29,0,-1,
TT_10_0.25_12, 10, 4, -9,-24,0,-4,-1,-25,0,0,-1,-17,
TT_10_0.25_13, 10, 7, -21,-41,0,-16,-11,-16,0,-40,-54,-2,
TT_10_0.25_14, 10, 7, 0,-13,-2,-24,-8,-38,-36,-5,-1,-6,
TT_10_0.25_15, 10, 4, -1,-29,-26,0,-26,0,-29,-45,-2,0,
TT_10_0.25_16, 10, 9, -7,0,-51,-1,-14,-17,-48,-59,-65,-62,
TT_10_0.25_17, 10, 2, -21,0,0,0,-32,-3,0,-16,-37,-14,
TT_10_0.25_18, 10, 2, -2,-36,-21,-4,-1,0,-9,-15,-3,0,
TT_10_0.25_19, 10, 6, -1,-26,-24,-17,-52,-25,0,-21,-42,0,
TT_10_0.25_20, 10, 6, -45,-19,-41,-25,-1,-35,0,-16,0,-10,
TT_10_0.25_21, 10, 0, 0,0,-36,-25,-2,-17,0,-12,-2,-3,
TT_10_0.25_22, 10, 0, 0,-1,0,-34,-20,-22,-8,0,0,0,
TT_10_0.25_23, 10, 5, 0,-1,-29,0,-22,-2,-22,0,-1,-23,
TT_10_0.25_24, 10, 3, 0,-45,-1,-1,-27,0,-2,-34,-41,-2,
TT_10_0.25_25, 10, 5, -55,0,-4,-45,-16,-26,-55,0,0,-2,
TT_10_0.25_26, 10, 4, 0,0,-17,-8,0,-26,0,-33,-9,-24,
TT_10_0.25_27, 10, 5, -2,-11,0,-31,-2,0,-1,-15,-34,-17,
TT_10_0.25_28, 10, 2, -9,0,-5,0,-14,0,0,-6,0,-29,
TT_10_0.25_29, 10, 5, -21,-1,0,-2,-59,-17,-4,-47,0,-53,
TT_10_0.25_30, 10, 0, 0,0,0,0,-20,-32,-6,-18,-1,0,
TT_10_0.25_31, 10, 2, 0,-12,-12,0,-3,-38,0,-12,-33,0,
TT_10_0.25_32, 10, 0, -2,0,0,0,-26,0,-32,-31,-7,0,
TT_10_0.25_33, 10, 0, 0,-2,-32,-23,0,-31,0,-12,-3,0,
TT_10_0.25_34, 10, 8, 0,-18,-55,-50,-14,-14,-3,-14,-52,-12,
TT_10_0.25_35, 10, 2, 0,-11,0,-36,-31,-18,0,0,0,-7,
TT_10_0.25_36, 10, 6, -33,0,-2,-3,-36,0,-29,-13,-12,-3,
TT_10_0.25_37, 10, 4, -27,0,-11,-31,-8,0,0,0,-40,-20,
TT_10_0.25_38, 10, 4, -14,0,0,-41,0,-1,-31,-9,-7,-7,
TT_10_0.25_39, 10, 5, -47,-31,0,0,-27,-26,0,-45,0,0,
TT_10_0.25_40, 10, 2, 0,-35,0,-30,-14,-1,-21,-2,-18,0,
TT_10_0.25_41, 10, 6, -46,-2,0,-21,-17,-6,-30,-60,-27,0,
TT_10_0.25_42, 10, 2, -43,0,-14,-37,0,0,0,-7,0,-31,
TT_10_0.25_43, 10, 4, -10,-35,-5,-33,-1,0,-1,-1,-31,0,
TT_10_0.25_44, 10, 4, 0,-5,0,-31,-39,0,0,-43,-28,0,
TT_10_0.25_45, 10, 2, -37,-20,0,-27,-26,0,0,-3,0,0,
TT_10_0.25_46, 10, 4, 0,-9,0,-4,-5,-22,-2,-29,-20,-14,
TT_10_0.25_47, 10, 2, -10,0,-7,0,0,-6,0,0,-24,-26,
TT_10_0.25_48, 10, 6, -2,-37,-19,0,-43,-35,-22,0,-14,-2,
TT_10_0.25_49, 10, 7, -13,-16,-39,0,-8,-19,-3,-33,-21,0,
TT_10_0.50_0, 10, 0, -1,-19,-3,-10,0,-1,-26,0,0,-35,
TT_10_0.50_1, 10, 4, 0,-7,-46,-64,-9,-35,-53,-1,0,0,
TT_10_0.50_2, 10, 2, 0,0,0,-21,0,0,0,-23,-13,0,
TT_10_0.50_3, 10, 5, 0,0,-14,0,-1,-19,0,-4,-8,-9,
TT_10_0.50_4, 10, 0, 0,0,0,-30,-4,0,0,-28,-15,0,
TT_10_0.50_5, 10, 4, -1,0,0,-4,-6,-2,-37,-42,-43,-35,
TT_10_0.50_6, 10, 2, -8,0,-1,-31,-33,0,-2,-30,-4,0,
TT_10_0.50_7, 10, 0, 0,-26,-1,0,-9,-4,0,0,0,-2,
TT_10_0.50_8, 10, 2, 0,-1,0,0,-26,0,0,-28,0,0,
TT_10_0.50_9, 10, 0, -32,0,-6,-17,-1,0,0,0,0,-1,
TT_10_0.50_10, 10, 4, -30,0,0,-60,-55,-2,-9,-2,-14,0,
TT_10_0.50_11, 10, 0, 0,0,-8,-4,0,0,0,0,0,-24,
TT_10_0.50_12, 10, 4, -1,0,-10,-4,-12,-18,-1,-1,-1,-2,
TT_10_0.50_13, 10, 2, 0,-45,0,-8,0,0,-6,0,0,-49,
TT_10_0.50_14, 10, 2, -3,-10,0,0,-14,-1,0,-19,0,-31,
TT_10_0.50_15, 10, 2, 0,-2,-9,-11,0,-20,0,0,-2,-30,
TT_10_0.50_16, 10, 4, 0,-45,0,-7,0,0,-13,-6,0,-48,
TT_10_0.50_17, 10, 4, -22,0,-19,0,-1,0,0,-1,-1,-8,
TT_10_0.50_18, 10, 0, 0,-3,0,-25,0,0,-45,0,-5,0,
TT_10_0.50_19, 10, 0, -5,0,-10,-1,-38,0,0,-24,-1,-1,
TT_10_0.50_20, 10, 2, 0,-16,0,-20,0,0,0,-44,0,-21,
TT_10_0.50_21, 10, 0, 0,0,0,0,-11,0,-2,0,0,-11,
TT_10_0.50_22, 10, 0, -5,0,0,0,-18,0,0,0,0,0,
TT_10_0.50_23, 10, 3, -18,-3,-28,-2,-58,-4,-13,0,0,-45,
TT_10_0.50_24, 10, 2, 0,-26,0,-44,-10,0,0,0,-13,0,
TT_10_0.50_25, 10, 4, 0,0,0,-30,-5,0,-48,0,-8,-5,
TT_10_0.50_26, 10, 4, -4,-4,-49,0,-49,-25,-21,0,0,0,
TT_10_0.50_27, 10, 2, -22,-6,0,0,-33,0,-18,-2,-6,-6,
TT_10_0.50_28, 10, 5, -1,-54,-1,-43,0,-18,0,-12,-58,0,
TT_10_0.50_29, 10, 5, -5,-17,-17,-1,-31,-4,-3,0,-1,0,
TT_10_0.50_30, 10, 4, -14,-3,-10,-39,-5,-1,-17,0,0,-5,
TT_10_0.50_31, 10, 4, 0,0,-25,-1,0,-45,-1,0,-36,-4,
TT_10_0.50_32, 10, 0, -29,0,0,-2,0,-28,0,0,0,0,
TT_10_0.50_33, 10, 6, -10,-2,-30,0,0,0,-24,-31,-39,-2,
TT_10_0.50_34, 10, 4, 0,0,-31,-14,-7,-9,-14,-1,0,-1,
TT_10_0.50_35, 10, 4, -3,-30,0,-4,-5,0,0,-7,-1,-29,
TT_10_0.50_36, 10, 3, -39,-37,0,-9,0,0,-1,0,0,-33,
TT_10_0.50_37, 10, 2, -18,0,-3,0,-17,-6,0,0,0,-32,
TT_10_0.50_38, 10, 2, 0,0,-20,0,-21,0,-4,-4,0,0,
TT_10_0.50_39, 10, 0, 0,0,-24,-1,0,-5,0,0,0,-16,
TT_10_0.50_40, 10, 3, 0,-2,-30,0,0,0,-31,0,-41,0,
TT_10_0.50_41, 10, 3, 0,-2,0,0,0,-46,-34,-49,-2,-11,
TT_10_0.50_42, 10, 7, -6,-6,-26,0,-19,0,-5,-25,-42,-1,
TT_10_0.50_43, 10, 3, 0,-23,0,-2,-28,0,0,0,-42,0,
TT_10_0.50_44, 10, 2, -9,0,-5,0,0,0,-23,-33,0,0,
TT_10_0.50_45, 10, 2, -32,-15,0,-4,-16,-16,0,0,-29,0,
TT_10_0.50_46, 10, 0, -1,-1,-2,0,-9,-28,0,-34,0,-1,
TT_10_0.50_47, 10, 0, -23,-11,0,-5,0,0,0,0,-2,0,
TT_10_0.50_48, 10, 3, -18,0,-3,-41,0,-22,-22,0,0,0,
TT_10_0.50_49, 10, 4, -42,-36,-5,-20,-2,0,0,0,0,-24,
TT_15_0.05_0, 15, 9, -1,-79,-11,-8,-44,0,-17,-78,-43,-50,0,-43,-10,-46,-79,
TT_15_0.05_1, 15, 11, -5,-34,0,-1,-7,-1,-34,-1,-14,-49,-50,-8,-57,-35,-5,
TT_15_0.05_2, 15, 9, -37,-85,0,-64,-32,-12,-3,-64,0,-86,0,-13,-33,-64,-19,
TT_15_0.05_3, 15, 11, -7,-9,-7,-49,-15,-20,-16,-5,-6,-1,-48,-55,-48,-48,-63,
TT_15_0.05_4, 15, 11, 0,-8,-8,-42,-8,0,-18,-73,-29,-31,-44,-54,-19,0,-71,
TT_15_0.05_5, 15, 13, -80,-8,0,-2,-25,-79,-77,-1,-11,-52,-51,-54,-21,-54,-7,
TT_15_0.05_6, 15, 14, -20,-8,0,-8,-46,-8,-28,-13,-1,-46,-18,-28,-44,-11,-7,
TT_15_0.05_7, 15, 10, -13,-19,-11,0,0,-12,-43,-69,-1,-42,-1,-8,-26,-70,-71,
TT_15_0.05_8, 15, 12, -18,-45,-18,-79,-26,-45,0,-16,-58,-50,-14,-45,-3,-80,-23,
TT_15_0.05_9, 15, 11, -7,-63,-7,-36,-70,-30,-4,-29,-61,-1,-6,-27,-62,-6,-2,
TT_15_0.05_10, 15, 8, -4,0,-38,-26,-55,-5,-4,-16,-26,-45,-62,-39,0,0,-14,
TT_15_0.05_11, 15, 7, -30,0,-18,0,-62,-5,-4,0,-20,-15,-47,-26,-46,-55,-17,
TT_15_0.05_12, 15, 9, -71,-63,-16,-63,-41,0,-64,-42,-6,-13,-41,-38,-1,0,0,
TT_15_0.05_13, 15, 10, -7,-58,-16,0,-1,-38,-53,-9,-1,-10,-37,-50,-36,-6,-5,
TT_15_0.05_14, 15, 12, -38,-84,-85,-27,-4,-87,-86,-27,-8,-42,0,-8,-27,-4,-48,
TT_15_0.05_15, 15, 8, -3,-14,-35,-58,-33,0,-3,-40,0,0,-17,-57,-17,-34,0,
TT_15_0.05_16, 15, 10, -5,-32,-21,-13,0,-1,-12,-5,0,-12,-28,-1,-23,-51,-51,
TT_15_0.05_17, 15, 9, -88,-20,-2,-27,-2,-39,0,-58,-21,-86,-86,0,-55,-39,-6,
TT_15_0.05_18, 15, 13, -32,-1,-39,-10,-65,-7,-85,-65,-1,-32,-64,-19,0,-84,-20,
TT_15_0.05_19, 15, 12, -35,-1,-34,-80,0,-82,-19,-44,-17,-1,-9,-82,-81,-6,-15,
TT_15_0.05_20, 15, 7, -51,-74,-1,-14,-51,-59,-2,-73,-52,-7,-50,0,-50,0,-12,
TT_15_0.05_21, 15, 10, -63,0,0,-2,-41,-26,-8,-18,-2,-10,-29,-40,-47,-56,-16,
TT_15_0.05_22, 15, 10, -30,-2,-35,-71,-28,-3,0,-50,-17,0,-72,-54,-7,-16,-5,
TT_15_0.05_23, 15, 11, -63,-6,0,-16,-14,-69,-45,-61,-31,-30,-1,-47,-1,-1,-29,
TT_15_0.05_24, 15, 7, -1,-72,-44,-70,-6,0,-74,-16,0,0,-6,-12,-25,-22,-44,
TT_15_0.05_25, 15, 11, -86,-67,-64,0,-16,-14,-28,-8,0,-26,-83,-65,-34,-6,-40,
TT_15_0.05_26, 15, 12, -58,-35,-14,-57,-2,-1,-16,0,-76,-79,-56,-36,-24,-24,-16,
TT_15_0.05_27, 15, 15, -4,-44,-73,-32,-30,-1,-5,-10,-29,-71,-73,-10,-30,-45,-1,
TT_15_0.05_28, 15, 9, -7,-57,-15,-6,-5,-7,-9,-27,-49,-47,0,-18,0,-15,-48,
TT_15_0.05_29, 15, 10, 0,-1,-17,-78,-61,-60,-18,-59,-18,-3,-76,-18,-28,-19,-57,
TT_15_0.05_30, 15, 10, -72,-53,-1,-46,-10,-46,-30,-71,0,-1,-26,-30,-5,-2,-47,
TT_15_0.05_31, 15, 9, -1,-18,0,-61,-78,-61,-35,-35,0,0,-79,-21,-10,-59,-4,
TT_15_0.05_32, 15, 15, -33,-35,-2,-66,-51,-65,-52,-11,-35,-33,-11,-33,-2,-11,-51,
TT_15_0.05_33, 15, 13, -54,0,0,-1,-22,-33,-1,-33,-54,-23,-13,-12,-6,-55,-6,
TT_15_0.05_34, 15, 12, -4,-4,-26,-68,0,-66,-47,-26,-30,-4,-16,-19,-48,-8,-17,
TT_15_0.05_35, 15, 9, -19,-8,-8,-22,-56,-40,-10,-64,-10,-19,0,-31,-28,-47,-36,
TT_15_0.05_36, 15, 5, -68,-60,-35,0,-36,-14,-36,-58,-12,0,0,-45,-5,-1,-9,
TT_15_0.05_37, 15, 12, -89,0,-87,-7,-41,-56,-16,-40,-39,-41,-7,-2,-53,-90,-92,
TT_15_0.05_38, 15, 11, -14,-22,-1,-39,-54,-37,-5,0,-12,0,-22,-38,-2,-1,-54,
TT_15_0.05_39, 15, 9, -5,-10,-69,-3,0,-82,-71,-73,0,-27,-25,-69,-69,0,-10,
TT_15_0.05_40, 15, 10, -4,-8,-70,-33,-71,-7,0,-16,0,-10,-36,-21,-50,-2,-50,
TT_15_0.05_41, 15, 12, -86,-4,-85,-50,-82,-55,-48,-5,-48,-5,-23,-9,-2,-23,-47,
TT_15_0.05_42, 15, 8, 0,-74,-65,0,-41,-23,-37,0,-20,-48,-65,-27,-3,-21,-20,
TT_15_0.05_43, 15, 10, -62,-53,-22,-22,-21,-4,-42,0,-31,0,-22,-6,-39,-47,-28,
TT_15_0.05_44, 15, 13, 0,-35,-47,-48,-3,-72,-36,-37,-54,-6,-8,-34,-71,-35,-3,
TT_15_0.05_45, 15, 12, -32,0,-23,-82,-24,-45,-85,-10,-1,-25,-1,-82,-48,-52,-7,
TT_15_0.05_46, 15, 7, -21,-17,-43,-53,-49,-2,-18,-44,-62,-42,-71,-42,0,-3,0,
TT_15_0.05_47, 15, 8, -37,-55,0,-13,-2,-5,-13,0,-14,0,-44,-19,-39,-40,-11,
TT_15_0.05_48, 15, 12, -20,-2,-11,-83,-43,-63,-1,-47,-81,-22,-43,-2,-64,0,-6,
TT_15_0.05_49, 15, 11, -19,-22,-15,-37,-12,-57,-56,-13,-8,-1,-39,-5,-7,-5,0,
TT_15_0.25_0, 15, 10, -57,-6,-63,-39,-47,-10,-48,0,-1,-76,-29,-1,0,-1,0,
TT_15_0.25_1, 15, 9, -24,-49,-10,-66,0,0,0,-32,-9,-1,-17,-15,-25,-64,-39,
TT_15_0.25_2, 15, 9, -53,-25,-24,-56,-4,0,0,-27,-38,0,-64,0,-58,-3,0,
TT_15_0.25_3, 15, 8, 0,0,-47,-17,0,-25,-47,-24,0,0,-32,-55,-27,-1,0,
TT_15_0.25_4, 15, 8, -28,0,0,-32,-28,-32,-66,0,0,-2,0,-66,0,-74,-21,
TT_15_0.25_5, 15, 6, -42,-24,-11,0,0,0,-7,-40,-59,-38,-5,0,-14,0,-27,
TT_15_0.25_6, 15, 9, -35,0,-4,-7,0,-50,-42,-2,0,-34,0,-61,-24,0,-46,
TT_15_0.25_7, 15, 5, -41,0,-41,0,-65,-3,-2,-1,0,-45,-1,-22,-8,0,-18,
TT_15_0.25_8, 15, 12, -48,-7,-5,-17,0,-1,-65,-56,-28,-3,-59,-60,-29,-61,-57,
TT_15_0.25_9, 15, 7, -10,0,-77,-70,0,-67,-62,-35,0,0,-14,0,0,-63,0,
TT_15_0.25_10, 15, 9, -79,-73,-9,-1,-2,-49,-91,-54,-1,-6,0,-56,-2,-2,-51,
TT_15_0.25_11, 15, 4, -57,-39,0,0,-40,-55,-64,-15,-3,0,-9,0,0,0,0,
TT_15_0.25_12, 15, 11, 0,-35,-1,-24,-66,-19,-5,0,-9,-42,-48,-7,-28,-20,-24,
TT_15_0.25_13, 15, 9, 0,-1,-1,-10,-53,-9,-13,-9,-41,-44,0,-46,-55,-1,0,
TT_15_0.25_14, 15, 11, -1,-62,-3,-1,0,-1,-70,0,-16,-30,-67,-15,-54,-1,-11,
TT_15_0.25_15, 15, 6, -1,0,0,-22,-61,-58,-59,-24,-38,-11,-1,0,-28,0,-3,
TT_15_0.25_16, 15, 7, 0,-1,-46,-21,0,0,0,-65,-62,0,-37,-24,-16,0,-3,
TT_15_0.25_17, 15, 9, -75,0,-75,-1,-16,-80,0,-75,-40,-4,-16,-20,-34,0,-6,
TT_15_0.25_18, 15, 5, -3,-31,-2,-61,-62,0,-60,-39,-24,-1,0,-13,0,0,-1,
TT_15_0.25_19, 15, 9, 0,-14,0,-16,-12,-45,0,-61,0,-34,-83,0,-51,-67,-72,
TT_15_0.25_20, 15, 7, -26,-33,0,-7,-37,0,0,0,-46,-1,-44,-21,-8,-25,0,
TT_15_0.25_21, 15, 7, -14,0,0,-16,-62,0,-27,-64,-36,0,-22,-42,0,-29,0,
TT_15_0.25_22, 15, 13, -1,-73,-38,-35,-40,-13,0,-59,-2,-8,-22,-1,-8,-20,-3,
TT_15_0.25_23, 15, 5, -9,0,0,0,-46,-33,0,0,0,0,-35,0,-53,0,-23,
TT_15_0.25_24, 15, 8, -40,0,-9,0,-1,-58,-90,-44,-87,-1,-75,-40,-1,-96,-8,
TT_15_0.25_25, 15, 8, -2,-8,-2,0,-42,-9,0,-49,-23,0,-49,0,-26,-3,-18,
TT_15_0.25_26, 15, 3, 0,0,-38,0,-9,-37,-54,-47,0,0,0,-18,-49,-72,-5,
TT_15_0.25_27, 15, 6, -37,-15,-47,0,0,0,-10,-40,-11,-5,-5,-11,0,-2,-51,
TT_15_0.25_28, 15, 7, -9,-41,-43,0,0,-39,-33,-41,-73,0,0,-53,-12,-2,0,
TT_15_0.25_29, 15, 8, -60,-36,-33,-38,-15,0,-2,-13,0,-17,0,-36,-44,-18,-3,
TT_15_0.25_30, 15, 6, -60,0,-1,-1,0,0,0,-3,-46,-26,-11,0,-50,-48,-1,
TT_15_0.25_31, 15, 9, -5,0,-38,-5,-1,-8,-49,-1,0,-27,-30,-5,0,0,-26,
TT_15_0.25_32, 15, 8, 0,-40,-62,0,-1,0,0,0,-61,-37,-1,-32,-60,-43,-28,
TT_15_0.25_33, 15, 7, -72,-45,0,-37,-13,0,0,-47,-8,-69,0,0,-36,-47,-4,
TT_15_0.25_34, 15, 4, 0,0,0,-42,-18,-9,-14,0,0,-9,-2,-34,-1,-38,-2,
TT_15_0.25_35, 15, 6, -18,-73,0,-8,0,0,0,-36,0,-65,0,-44,-24,0,-35,
TT_15_0.25_36, 15, 3, -2,-15,0,-39,0,-62,0,-36,-6,-16,0,-36,0,-56,0,
TT_15_0.25_37, 15, 8, -48,-63,-3,-18,-71,-25,0,-49,0,-21,0,-63,0,0,0,
TT_15_0.25_38, 15, 10, -60,-39,-61,-3,-27,-8,-21,0,-37,-20,0,-31,-1,-3,-11,
TT_15_0.25_39, 15, 7, -1,-23,-55,0,-34,-1,-1,-31,-15,-22,0,-36,0,-14,0,
TT_15_0.25_40, 15, 13, 0,-7,-23,-16,-1,-70,-47,0,-61,-2,-54,-29,-1,-22,-25,
TT_15_0.25_41, 15, 10, -3,-28,-18,-22,-1,-62,-47,-1,-5,0,-44,-1,-1,-78,-68,
TT_15_0.25_42, 15, 5, -5,-10,-5,0,-57,0,0,-1,0,-7,-52,-60,0,-43,-22,
TT_15_0.25_43, 15, 12, -60,-14,-40,-14,-20,-51,-4,-2,0,0,-7,-7,-3,0,-48,
TT_15_0.25_44, 15, 9, -36,-38,-30,0,-77,0,-1,-42,-29,-67,0,-32,-5,-61,-2,
TT_15_0.25_45, 15, 9, -50,-62,0,-56,-9,0,-1,-84,-23,0,-7,-8,-65,0,-81,
TT_15_0.25_46, 15, 9, -7,-44,0,-66,0,-45,-29,-26,-1,-75,-84,-63,-27,-71,-1,
TT_15_0.25_47, 15, 11, -5,-56,-28,-20,0,-11,0,-40,-9,-16,-1,-10,-71,-4,-66,
TT_15_0.25_48, 15, 5, -37,-16,-3,0,0,-40,-22,-20,-60,0,-3,-23,-18,0,-30,
TT_15_0.25_49, 15, 7, 0,0,-2,0,-36,-36,-22,-48,-17,-1,0,-39,-17,-54,0,
TT_15_0.50_0, 15, 4, 0,0,0,0,-10,0,-78,-21,0,-42,-12,0,-1,-2,0,
TT_15_0.50_1, 15, 5, -21,0,0,0,-32,0,0,-40,-44,-75,0,0,-2,-23,0,
TT_15_0.50_2, 15, 2, -3,0,-11,0,-29,0,-1,0,-34,-1,-2,0,-37,0,-10,
TT_15_0.50_3, 15, 4, -1,0,0,-4,-1,0,-21,-67,-16,0,0,-44,0,-5,-31,
TT_15_0.50_4, 15, 2, -1,-54,-4,-37,0,0,-20,0,-5,-8,0,0,0,0,0,
TT_15_0.50_5, 15, 2, 0,0,0,0,-28,0,0,0,-8,-27,0,-41,-2,-1,0,
TT_15_0.50_6, 15, 8, -2,-31,-10,-17,-1,-3,0,-1,-30,0,-42,-59,-3,-22,-47,
TT_15_0.50_7, 15, 4, -32,0,-17,-1,-36,0,0,0,-17,-4,0,0,0,0,-54,
TT_15_0.50_8, 15, 6, -33,0,0,-60,-3,-21,-28,-74,-1,-10,0,0,0,-3,-13,
TT_15_0.50_9, 15, 6, -3,0,0,-1,-1,-66,-19,-24,-54,-10,-63,0,-53,0,0,
TT_15_0.50_10, 15, 7, -4,-38,-50,0,-35,0,0,0,-34,0,-3,0,-29,-60,-5,
TT_15_0.50_11, 15, 3, -24,0,0,0,-1,-38,-34,0,0,-34,-42,0,0,0,-2,
TT_15_0.50_12, 15, 4, -33,-1,-15,-48,0,0,-48,0,0,-7,0,0,-25,-1,0,
TT_15_0.50_13, 15, 6, 0,-21,0,-37,0,-42,0,-4,-2,-14,0,-35,-12,-53,-28,
TT_15_0.50_14, 15, 7, 0,0,-2,-28,-12,-1,-63,0,-48,-3,-3,-24,-1,-22,0,
TT_15_0.50_15, 15, 7, -31,-55,-3,-1,-24,0,-4,0,0,-2,-35,-4,0,-29,-1,
TT_15_0.50_16, 15, 2, 0,-60,0,-6,0,0,0,-13,-44,0,0,0,0,-18,0,
TT_15_0.50_17, 15, 12, -13,-40,-23,-76,-1,-22,-73,-50,0,0,-2,0,-21,-7,-22,
TT_15_0.50_18, 15, 8, -4,0,-8,-6,-59,0,-10,0,-74,0,0,-8,-1,-10,-38,
TT_15_0.50_19, 15, 2, 0,-2,0,-1,0,0,-19,-34,-3,-19,0,0,-67,0,0,
TT_15_0.50_20, 15, 9, -48,0,0,0,-27,-3,-39,-8,-2,-3,-12,-3,-39,0,-3,
TT_15_0.50_21, 15, 2, 0,-32,0,-38,0,-54,-3,0,0,-29,0,-11,0,0,0,
TT_15_0.50_22, 15, 4, 0,0,0,0,0,0,-44,0,-1,-1,-35,-24,0,-23,0,
TT_15_0.50_23, 15, 8, -46,0,0,-50,-4,-74,0,0,-5,-1,-1,-44,-1,-31,-28,
TT_15_0.50_24, 15, 2, -1,0,0,-48,-30,-2,0,-6,-42,0,0,0,0,-50,0,
TT_15_0.50_25, 15, 2, 0,-30,0,-3,-24,-3,0,-1,0,-10,0,0,0,-24,-19,
TT_15_0.50_26, 15, 7, -2,-1,-1,0,-8,-12,-39,-4,-49,-19,-32,-4,-1,-1,0,
TT_15_0.50_27, 15, 5, -1,0,-67,0,-35,-59,-35,0,0,0,0,-55,-5,0,-32,
TT_15_0.50_28, 15, 4, 0,0,0,-47,0,0,-61,-2,-51,0,0,0,-43,0,0,
TT_15_0.50_29, 15, 7, -2,-13,-12,-61,-56,-6,0,-19,-29,0,0,0,0,-7,0,
TT_15_0.50_30, 15, 8, -41,-17,-26,-64,0,0,-1,-75,-4,-19,-78,-25,0,-4,-5,
TT_15_0.50_31, 15, 2, -4,-3,-6,-18,0,-1,-7,-44,-4,-1,0,-61,0,-10,-49,
TT_15_0.50_32, 15, 3, -21,0,0,-42,-28,0,0,0,-6,0,-10,-41,0,0,0,
TT_15_0.50_33, 15, 6, -7,0,0,0,0,-7,-22,0,0,-38,-6,0,0,-11,-27,
TT_15_0.50_34, 15, 3, -7,0,0,-3,-1,0,-39,-4,-24,-48,0,-32,0,0,0,
TT_15_0.50_35, 15, 5, -30,-2,-30,-3,0,0,-35,-3,0,0,0,-4,0,-1,-3,
TT_15_0.50_36, 15, 6, 0,-46,0,0,0,0,-31,-4,-3,-24,0,-47,-10,0,-6,
TT_15_0.50_37, 15, 5, -43,-32,-3,0,0,0,0,0,-2,0,0,-20,-32,-22,0,
TT_15_0.50_38, 15, 0, -5,0,0,0,-50,0,-2,-30,0,0,0,0,0,0,-38,
TT_15_0.50_39, 15, 6, -24,-32,-46,0,0,-3,-6,-1,0,-2,-1,-4,-2,-7,-3,
TT_15_0.50_40, 15, 6, 0,-41,-55,-8,-33,0,-3,0,0,-29,0,0,0,0,0,
TT_15_0.50_41, 15, 4, -55,0,0,0,0,-8,0,-58,0,-9,-28,0,0,-5,0,
TT_15_0.50_42, 15, 2, 0,0,0,0,-51,-37,0,-59,0,-14,0,-1,-5,0,-9,
TT_15_0.50_43, 15, 4, -33,0,-1,-52,0,-31,-1,0,-3,-1,0,-62,0,-38,-5,
TT_15_0.50_44, 15, 4, 0,-61,-16,-62,0,0,-5,0,0,0,-2,-14,0,-44,-28,
TT_15_0.50_45, 15, 9, -24,-2,-3,-15,-20,-49,-2,-13,0,-52,0,-30,-1,0,-1,
TT_15_0.50_46, 15, 2, -2,-17,-1,0,0,-44,0,-2,0,0,-43,-15,-41,-14,0,
TT_15_0.50_47, 15, 4, 0,0,-34,0,0,0,-5,-31,0,-10,0,0,0,0,-34,
TT_15_0.50_48, 15, 2, 0,-31,0,0,0,-3,0,-2,-19,-50,0,-20,-6,-3,0,
TT_15_0.50_49, 15, 8, -8,-42,-12,0,-17,-73,-74,-1,0,-1,-19,0,-19,0,0,
TT_20_0.05_0, 20, 16, -16,-95,-81,0,-8,-50,-47,-4,-2,-4,-50,-47,-17,-59,-81,-6,-17,-57,-49,-97,
TT_20_0.05_1, 20, 14, -62,-81,-34,0,-3,-10,-11,-24,0,-11,-3,0,-44,-45,-54,-85,-47,-25,-30,-25,
TT_20_0.05_2, 20, 17, -16,-111,-8,-1,-100,-81,-28,0,-82,-47,-44,-103,-4,-83,-28,-82,-85,-42,-9,-14,
TT_20_0.05_3, 20, 17, -21,-38,-71,-12,-6,-7,-70,-97,-83,-71,-13,-7,-47,-40,-3,-87,-1,-21,-42,-7,
TT_20_0.05_4, 20, 17, -24,-118,-24,-3,-2,-75,-22,-107,-24,-105,-108,-55,-49,-51,-52,-53,-52,-110,-75,-3,
TT_20_0.05_5, 20, 14, -11,-13,-9,-74,0,-35,-46,-1,0,-46,-69,0,-36,-68,-23,-36,-69,-22,0,-23,
TT_20_0.05_6, 20, 14, -62,-61,-85,-115,-60,-6,-22,-115,-6,-112,0,-15,-63,-15,-87,0,0,-88,-6,-62,
TT_20_0.05_7, 20, 16, -12,-19,-1,-4,-58,-87,-11,-90,-98,-44,0,-4,-60,-86,-45,-87,-23,-42,-46,-1,
TT_20_0.05_8, 20, 17, -13,-59,-76,-129,-131,-125,-126,0,-129,-28,0,-32,-31,-61,-61,-11,0,-79,-13,-60,
TT_20_0.05_9, 20, 17, -21,-70,0,-41,-90,-26,-86,-7,-6,-1,-23,-68,-5,-48,-72,-41,-2,-23,0,-40,
TT_20_0.05_10, 20, 14, 0,0,-105,-109,-110,-59,-1,-105,0,-31,-16,-104,-4,-24,-61,-44,-28,-46,-20,-20,
TT_20_0.05_11, 20, 11, 0,-59,-28,0,-82,-1,-25,-16,0,-81,-14,-57,0,-19,-91,-10,-81,-10,-35,-55,
TT_20_0.05_12, 20, 17, -1,-34,-18,-23,-2,-78,-35,-48,-65,-3,-63,-82,-47,-2,-92,-4,-25,-17,0,-18,
TT_20_0.05_13, 20, 18, -52,-33,0,-52,-50,-30,-2,-66,-24,-114,-94,-10,-1,-92,-92,-64,-19,-23,-114,-8,
TT_20_0.05_14, 20, 16, -60,-43,0,0,-58,-28,-8,-41,-29,-99,-42,-25,-6,-9,-96,-29,-28,-68,-48,-97,
TT_20_0.05_15, 20, 16, -4,-1,-1,-24,-28,-1,-24,-78,-6,-41,-25,-74,-24,-95,-52,-85,-56,-39,-76,-27,
TT_20_0.05_16, 20, 18, -83,-1,-39,-1,-54,-2,-3,-84,-16,-3,-14,-17,0,-55,-103,-25,-43,-28,-83,-98,
TT_20_0.05_17, 20, 13, 0,-35,-66,-41,0,-8,-20,-98,-22,-96,-25,-66,0,0,-5,-96,0,-71,-33,0,
TT_20_0.05_18, 20, 18, -1,-84,-4,-2,-99,-44,-85,-113,0,-83,-48,-102,-49,-88,-82,-7,-17,-18,-44,-22,
TT_20_0.05_19, 20, 12, -6,-80,-53,-1,-46,-15,-5,-14,-10,-47,0,-4,-83,-78,0,-2,-92,-49,-18,-45,
TT_20_0.05_20, 20, 9, -76,-38,-51,-9,-31,-24,0,-78,-25,0,-87,-52,-76,0,0,-28,0,-28,-1,-6,
TT_20_0.05_21, 20, 16, -93,-28,-93,0,0,-97,-8,0,-9,-45,-95,-117,-94,-16,-96,0,-113,-28,-21,-42,
TT_20_0.05_22, 20, 16, 0,-2,-6,-64,0,-21,-92,-9,-67,-27,-18,-75,-69,-2,-31,-89,-66,-25,-18,-68,
TT_20_0.05_23, 20, 14, -15,-5,0,-16,-80,-83,0,-84,-43,-108,-28,-111,-43,-55,0,-28,-111,-1,0,-56,
TT_20_0.05_24, 20, 11, -57,-47,-32,-28,-92,0,-29,0,-28,0,-36,-81,-50,-8,-83,-79,0,-3,-13,0,
TT_20_0.05_25, 20, 19, -18,-35,-65,-67,-66,-4,-4,-4,-4,-4,-4,-20,-2,-66,-17,-84,-82,-30,-5,-29,
TT_20_0.05_26, 20, 14, -1,-2,-32,0,-2,-10,-54,-12,-12,-2,-31,-34,-53,-21,-12,-71,-69,0,-13,-9,
TT_20_0.05_27, 20, 17, -50,-12,-11,-9,-18,-13,-84,-10,0,-1,-25,-85,-65,-49,-28,-50,-68,-1,-10,-12,
TT_20_0.05_28, 20, 15, -17,0,-102,-10,-11,-11,-84,-67,-31,-26,-22,-1,-103,-64,0,-42,-12,-64,-39,-81,
TT_20_0.05_29, 20, 18, -38,-21,-73,-69,-21,-13,-39,-39,-16,-5,-69,0,-16,-70,-4,-42,-15,-5,-68,-71,
TT_20_0.05_30, 20, 17, -26,-61,-22,-8,-66,-31,-1,-1,-10,-21,-100,-99,-98,-61,-74,-24,-1,-6,-24,-63,
TT_20_0.05_31, 20, 16, -22,-87,-42,-3,0,-1,-41,-51,-17,-14,-17,-59,-84,-51,-26,-2,-41,-94,-2,-87,
TT_20_0.05_32, 20, 13, -24,-57,-72,-13,-16,0,-43,-26,-14,0,-62,-54,0,-8,-6,-43,-8,-26,-28,0,
TT_20_0.05_33, 20, 17, -19,-14,-41,0,-88,-63,-87,-67,-15,-64,-42,-1,-39,-66,-23,-16,-13,-16,-38,-66,
TT_20_0.05_34, 20, 14, -55,-26,0,-104,-25,-31,-26,-11,-53,0,-101,-100,-105,-7,-53,-9,0,-25,-63,-33,
TT_20_0.05_35, 20, 14, 0,-25,-99,-8,-24,-28,-35,-100,-2,-25,0,-49,-102,-98,-8,0,-53,-8,-31,-99,
TT_20_0.05_36, 20, 14, -6,-86,-1,0,-25,-7,-1,-67,-25,-84,-41,-57,-10,-36,-11,-1,-7,-28,-60,-37,
TT_20_0.05_37, 20, 16, -22,-96,-7,0,-38,-96,-33,-23,-60,-2,-25,-22,-6,0,-59,-63,-8,-32,-97,-70,
TT_20_0.05_38, 20, 14, -3,-54,-107,-22,-1,-24,-65,-51,-104,-52,-69,-12,-4,0,-11,-74,-106,-30,-34,-1,
TT_20_0.05_39, 20, 15, -28,-30,-57,-5,-55,-4,-32,0,-57,0,0,-13,-11,-72,-56,-13,-71,-80,0,-31,
TT_20_0.05_40, 20, 12, -9,-16,-55,-94,0,-59,-20,-3,-73,-57,0,0,0,-27,-5,-8,-95,-12,-74,-56,
TT_20_0.05_41, 20, 13, -1,-73,-81,-87,-36,-4,-75,-3,-4,-38,-74,-7,0,-41,-17,-35,0,-70,-16,-7,
TT_20_0.05_42, 20, 14, 0,-22,0,-7,-98,-40,-61,-38,-7,-69,-25,-63,-27,-23,-101,-97,0,-62,-25,0,
TT_20_0.05_43, 20, 17, -7,-92,-66,-26,-1,-53,-51,-91,-11,0,-35,-12,-90,-49,-6,-6,-26,-4,-33,-24,
TT_20_0.05_44, 20, 17, -21,-37,-36,-45,-23,-7,-7,-26,-88,-62,-121,-61,-117,-92,-92,-117,0,0,0,-47,
TT_20_0.05_45, 20, 13, -47,0,-18,-78,-52,-76,-37,-37,-16,-111,-4,-16,-111,0,-72,0,-1,-116,-116,0,
TT_20_0.05_46, 20, 17, -7,-41,-25,-70,-42,-67,0,-105,-2,-101,-26,-70,0,-73,-38,-8,-66,-23,-25,-105,
TT_20_0.05_47, 20, 15, -17,-21,0,0,-62,0,-30,-48,-71,-29,-18,-18,0,-64,-48,-39,-38,-18,-17,-31,
TT_20_0.05_48, 20, 14, 0,-52,-40,-2,-22,-38,-38,-57,-80,0,-22,-73,-70,-41,-49,-22,-23,-8,0,-3,
TT_20_0.05_49, 20, 13, -12,-42,-51,0,-42,-16,-61,-93,-9,-40,0,-65,0,-45,0,-93,-1,-90,-43,-14,
TT_20_0.25_0, 20, 9, 0,0,0,-87,0,0,-63,-27,-12,-48,0,0,-37,-45,-85,-52,-1,-2,0,-2,
TT_20_0.25_1, 20, 15, -61,-61,-2,-57,-40,-45,0,-15,-109,0,-58,-4,0,-92,-5,-79,-101,-11,-1,0,
TT_20_0.25_2, 20, 9, -52,-60,-73,-70,0,0,0,-5,0,-57,-78,-78,-81,0,-79,0,0,0,-75,0,
TT_20_0.25_3, 20, 11, 0,0,-5,0,-2,0,0,-18,0,-54,-38,-90,-17,-16,-55,-92,0,0,-28,-56,
TT_20_0.25_4, 20, 10, 0,-25,-13,-65,0,0,-66,-1,-36,0,-14,-1,-84,0,-30,-43,-1,-41,0,0,
TT_20_0.25_5, 20, 17, -7,-18,0,-59,0,-76,-85,-1,-60,-44,-96,-119,-1,-35,-36,0,-19,-15,-19,-112,
TT_20_0.25_6, 20, 16, -77,-13,0,-49,-59,-3,-48,-1,-26,-1,-33,-3,-62,-24,-2,-12,-56,-2,-12,0,
TT_20_0.25_7, 20, 13, -40,-88,-9,0,-13,-44,0,-17,-8,-15,0,-70,-1,-84,-3,-21,-83,0,-58,-2,
TT_20_0.25_8, 20, 11, 0,0,0,0,-20,-1,0,-81,-25,-27,0,0,-46,-63,-67,-81,-57,-40,-3,-27,
TT_20_0.25_9, 20, 13, -5,0,-51,-96,-2,-2,-65,-46,-47,-49,-94,-50,-100,0,-64,0,-35,0,-1,-6,
TT_20_0.25_10, 20, 10, -4,-42,0,-3,-54,0,0,-53,0,-54,-77,-92,-72,-54,-38,0,0,0,-37,-77,
TT_20_0.25_11, 20, 11, -92,-43,0,0,-30,0,0,-31,0,-106,-18,-78,-14,-94,-55,0,-54,-75,0,0,
TT_20_0.25_12, 20, 12, 0,-70,-6,0,-69,0,-60,-1,-108,-100,0,-101,-12,0,-55,-28,-75,-27,-2,-64,
TT_20_0.25_13, 20, 10, -4,-53,-7,0,0,-47,0,-99,-119,-102,-49,0,-1,-117,-96,-125,0,-39,-1,-67,
TT_20_0.25_14, 20, 13, 0,-80,-79,-10,-63,-46,-1,-34,-24,-93,0,0,-21,-115,-40,-95,-51,-4,0,-68,
TT_20_0.25_15, 20, 14, -33,-99,-1,-98,0,-2,-4,-24,0,-42,-71,-90,-44,-102,-98,0,-3,-74,0,-2,
TT_20_0.25_16, 20, 12, -48,-6,0,-31,0,-12,-75,-44,-6,-52,-28,0,0,-8,-24,-62,-43,0,0,-54,
TT_20_0.25_17, 20, 8, 0,-50,-60,0,-45,-28,-8,-5,0,-9,-12,-58,-2,-1,-34,0,-16,0,-16,0,
TT_20_0.25_18, 20, 8, -27,0,-40,0,-24,-54,-27,0,-2,-27,-3,0,-60,-25,-13,-28,0,0,-60,0,
TT_20_0.25_19, 20, 13, -1,-1,-36,0,-4,-20,-18,-26,-2,-48,-1,-4,-67,-34,-56,-1,-26,-77,-2,-30,
TT_20_0.25_20, 20, 17, -19,-31,-59,0,0,-29,-32,-1,0,-37,-65,-117,-92,-97,-99,-1,-4,-2,-79,-30,
TT_20_0.25_21, 20, 16, -8,0,-71,0,-8,-71,0,-40,-46,-5,-51,-73,-63,-49,-65,-8,-7,-8,-7,-80,
TT_20_0.25_22, 20, 11, -47,-57,-2,-81,-101,-2,0,-29,0,-2,-32,-88,-50,-42,-13,0,-70,-46,-32,-1,
TT_20_0.25_23, 20, 15, -1,-2,0,-56,-25,-89,-36,-64,-89,-68,-38,-3,0,-74,-7,-24,-67,0,-5,0,
TT_20_0.25_24, 20, 10, -58,-1,-29,0,0,0,-1,-1,-3,0,-9,-23,-34,-1,0,-57,-2,-34,-15,-60,
TT_20_0.25_25, 20, 10, -41,-2,-10,-44,0,-81,0,-8,0,0,-55,0,-2,-70,-57,-48,0,-15,-70,0,
TT_20_0.25_26, 20, 11, -30,-1,0,-93,-2,0,0,0,-2,0,-66,0,-39,-53,-99,-90,-30,-25,-30,-72,
TT_20_0.25_27, 20, 13, -101,0,-43,-40,-72,-18,0,-2,-1,-41,0,0,-6,-6,-61,-82,-8,0,-65,-84,
TT_20_0.25_28, 20, 9, 0,-83,-82,0,-63,0,-9,0,0,0,-54,0,-90,-41,-43,-68,0,0,0,-77,
TT_20_0.25_29, 20, 9, -1,-11,0,-4,0,-53,-67,-73,-1,-20,-1,-27,0,-17,0,-91,-12,-20,-51,-23,
TT_20_0.25_30, 20, 12, -1,0,-22,-23,0,-64,-2,-4,-48,-1,-60,-45,0,-21,-15,-1,-53,-25,-4,-5,
TT_20_0.25_31, 20, 15, -19,-43,-69,-42,-32,-1,-63,-83,-100,-17,0,-4,-37,0,-2,0,-8,-106,-89,-48,
TT_20_0.25_32, 20, 12, -89,-83,-40,-83,-48,-31,0,0,0,0,0,-24,-65,0,-7,0,-21,0,-97,-8,
TT_20_0.25_33, 20, 16, 0,0,-109,-69,-16,0,-60,-84,-35,-9,-100,-101,-119,-2,-58,-4,-35,-129,-71,-4,
TT_20_0.25_34, 20, 10, -4,0,0,0,-114,-88,-77,0,0,-3,-3,-62,-71,0,-26,-22,-102,-81,0,-60,
TT_20_0.25_35, 20, 9, 0,-37,-27,0,-20,-23,0,-3,0,-3,-72,-66,-63,-45,0,-56,0,0,0,-45,
TT_20_0.25_36, 20, 12, -88,-69,-66,-11,-25,-70,0,0,-11,0,0,-1,-66,0,-13,-1,-30,0,0,-1,
TT_20_0.25_37, 20, 9, -37,-62,-2,-2,-36,0,0,-59,-87,0,-78,-2,-68,-9,-23,0,-35,-36,0,-48,
TT_20_0.25_38, 20, 12, -2,-1,-89,-90,-38,-23,-1,0,-2,-24,-60,0,-22,-15,-45,-2,-62,-68,-103,-2,
TT_20_0.25_39, 20, 9, -69,-5,0,-26,0,-13,-18,-2,-82,-64,-1,0,-78,-30,-67,-1,-5,-34,0,0,
TT_20_0.25_40, 20, 13, -9,0,-81,-88,-25,-60,-46,-46,-1,0,0,-35,-2,-4,-2,-28,-26,-74,-1,-5,
TT_20_0.25_41, 20, 9, -1,-12,0,-77,-15,-38,-58,-1,-58,-52,0,-87,-17,-81,0,-6,0,0,0,0,
TT_20_0.25_42, 20, 8, 0,-3,0,0,-21,-1,-63,-11,-50,-59,-2,-54,-56,-15,0,-46,0,-7,0,-12,
TT_20_0.25_43, 20, 12, -84,-112,0,-2,-14,-81,-95,-3,-51,0,-1,-3,-52,-45,-30,-97,-18,-47,0,0,
TT_20_0.25_44, 20, 10, -54,0,0,0,0,0,-3,-33,-1,-50,-61,-91,0,-69,0,-33,0,-43,-82,-67,
TT_20_0.25_45, 20, 13, 0,-4,0,-35,-39,-32,0,-57,-97,-54,-78,-3,0,-2,-4,0,-70,-86,-101,-6,
TT_20_0.25_46, 20, 12, 0,-36,0,-26,0,-17,-100,-92,-36,-88,-54,0,-23,-72,-60,-3,0,-5,-51,-1,
TT_20_0.25_47, 20, 12, 0,-107,-24,0,-1,-87,0,-89,-96,0,-92,0,-6,-5,-8,-97,0,-31,-2,-1,
TT_20_0.25_48, 20, 14, -87,0,-48,0,0,-1,0,-18,-34,0,-92,0,-113,-44,-92,-1,-15,-111,-5,-108,
TT_20_0.25_49, 20, 14, -4,-20,-1,0,-96,-46,-1,-23,-6,0,-89,-48,-44,-11,0,-36,0,-18,-101,-77,
TT_20_0.50_0, 20, 5, 0,0,0,-1,-1,-72,0,-3,-86,0,-49,-20,0,-26,0,0,0,-50,0,0,
TT_20_0.50_1, 20, 10, 0,0,0,-61,0,-102,0,-16,-16,-101,0,-37,-13,0,-27,0,0,-90,-59,0,
TT_20_0.50_2, 20, 4, 0,-1,0,-77,0,-21,0,-23,0,0,-8,0,0,-87,-75,0,0,-92,-12,0,
TT_20_0.50_3, 20, 7, 0,0,-67,-4,-6,0,-55,-1,-11,0,-39,-1,0,-1,0,-6,-47,0,0,-46,
TT_20_0.50_4, 20, 15, -25,-4,-3,-16,-19,-21,-3,-7,-26,-6,-1,-1,-42,-1,-1,0,-49,-64,-11,-3,
TT_20_0.50_5, 20, 9, 0,0,0,-10,-10,0,0,0,-18,-1,-1,-77,-1,-18,0,0,-68,-34,-26,-17,
TT_20_0.50_6, 20, 9, -29,-3,0,-58,-63,0,-42,-6,0,0,0,0,0,-1,-3,-1,0,-72,0,-12,
TT_20_0.50_7, 20, 6, 0,-52,-5,-3,-11,-3,0,0,0,0,-42,0,-3,-59,0,0,-103,-86,-70,-3,
TT_20_0.50_8, 20, 7, 0,0,0,0,-11,0,-2,-20,-29,-61,0,-4,-90,-5,0,-41,-1,-81,-3,-36,
TT_20_0.50_9, 20, 6, -15,0,-3,-3,0,-1,0,0,-3,-1,-19,0,-81,-77,0,0,-30,0,-55,0,
TT_20_0.50_10, 20, 8, 0,-52,0,0,-26,0,-2,-22,0,0,0,-5,0,-79,-21,-42,0,-4,-54,-41,
TT_20_0.50_11, 20, 7, 0,-61,0,0,0,-5,-44,-3,-3,0,0,0,-60,0,-47,0,0,-76,0,-3,
TT_20_0.50_12, 20, 8, -41,-52,0,0,0,0,0,-3,-20,-6,0,-1,-63,-64,-17,-3,-12,-7,-93,0,
TT_20_0.50_13, 20, 10, -18,-4,-73,-73,-6,0,0,-48,0,0,-21,-44,-7,-2,0,-32,-4,0,0,-20,
TT_20_0.50_14, 20, 5, 0,0,0,0,0,-25,0,-69,0,-3,-1,-49,0,-3,0,-33,0,-93,-75,-4,
TT_20_0.50_15, 20, 11, -1,-8,-21,-19,0,0,-7,-18,-4,-2,0,-31,-59,-3,-53,0,-8,-68,-40,0,
TT_20_0.50_16, 20, 7, -3,-36,0,-28,0,-3,-35,-57,0,0,0,-49,-49,0,-70,0,0,0,0,0,
TT_20_0.50_17, 20, 13, -2,-5,-37,-89,-40,-97,-1,-28,0,0,-97,-28,0,0,-11,0,-1,-67,-1,-2,
TT_20_0.50_18, 20, 8, 0,0,0,-43,0,-62,-64,-48,-4,0,-52,-29,0,0,-5,-5,-6,-3,-53,0,
TT_20_0.50_19, 20, 7, -78,-10,-11,-56,0,-1,0,-70,0,-15,0,0,0,0,0,-5,0,-4,-63,-21,
TT_20_0.50_20, 20, 8, -3,-26,-97,0,-2,-8,0,0,0,0,-109,-36,0,0,0,-82,-60,-38,-8,0,
TT_20_0.50_21, 20, 6, 0,0,0,-53,-8,-62,0,0,0,-9,-3,0,0,-46,-56,0,-3,0,0,-50,
TT_20_0.50_22, 20, 6, 0,-44,-37,-2,-9,0,0,0,-55,0,0,0,0,0,-4,0,-46,0,-38,-22,
TT_20_0.50_23, 20, 6, 0,0,-7,0,-92,-90,-79,0,-48,0,-3,0,0,0,-62,-1,0,-6,-54,-5,
TT_20_0.50_24, 20, 7, -2,-25,-71,-77,0,0,-92,-38,-2,0,0,0,-2,-6,-58,0,-1,-2,0,-1,
TT_20_0.50_25, 20, 9, 0,-16,-3,0,-3,-1,-73,0,-101,0,0,-22,-68,-5,-9,0,-56,0,-5,0,
TT_20_0.50_26, 20, 8, 0,-36,-36,-41,-32,0,0,0,0,0,-14,-2,0,-59,0,0,-74,-38,0,0,
TT_20_0.50_27, 20, 8, -75,-13,0,0,-6,0,-39,-39,-14,0,0,-23,-2,-16,-83,-3,0,-24,0,0,
TT_20_0.50_28, 20, 9, -38,0,-57,-2,-1,0,-101,0,0,-1,0,-42,-51,0,0,-19,-45,-51,0,0,
TT_20_0.50_29, 20, 14, -36,-30,-3,-17,-84,-114,-1,-6,0,-10,0,-74,-6,0,-22,-44,-103,-52,0,-110,
TT_20_0.50_30, 20, 7, -31,-13,-7,-2,0,-98,0,-20,0,-81,-90,0,0,-5,0,0,-3,0,0,-99,
TT_20_0.50_31, 20, 6, -18,-5,0,0,-42,-17,-3,0,0,0,-80,-1,0,-3,-3,0,0,0,-23,-1,
TT_20_0.50_32, 20, 9, -66,0,0,0,-47,-5,-80,-6,0,-73,0,0,-11,-2,-7,0,0,0,0,0,
TT_20_0.50_33, 20, 8, -57,-7,-46,-46,0,-42,-4,0,0,0,-48,0,-13,0,-4,0,0,0,-4,-7,
TT_20_0.50_34, 20, 9, -4,-63,-44,-4,-56,-1,-23,-38,-38,-2,-2,-1,0,-59,0,-22,-77,-1,-50,-1,
TT_20_0.50_35, 20, 11, -1,-6,0,-49,-4,-81,-39,-4,-50,-18,0,-55,-4,-2,-6,-49,-26,0,0,0,
TT_20_0.50_36, 20, 5, -71,-59,-4,-3,0,-1,0,0,0,0,-3,0,-18,-26,0,0,0,0,0,-62,
TT_20_0.50_37, 20, 5, 0,-61,0,0,-52,0,-3,-1,-58,0,-100,0,-94,0,0,0,0,-2,-9,-5,
TT_20_0.50_38, 20, 7, -21,-3,0,-25,-3,0,-61,0,0,0,-35,-7,0,0,0,0,0,-25,0,-62,
TT_20_0.50_39, 20, 9, -8,0,0,-50,-11,-43,0,-56,0,0,-58,0,0,0,-5,0,-59,-24,-94,0,
TT_20_0.50_40, 20, 11, -6,-1,-36,-71,-52,0,0,0,-59,0,0,-1,-29,-37,-2,-65,-1,-4,0,-1,
TT_20_0.50_41, 20, 13, -100,-9,0,-24,-8,0,0,0,0,0,-105,0,-48,-75,-2,-37,-32,-15,-19,-2,
TT_20_0.50_42, 20, 7, -35,-52,0,0,0,-1,-55,0,0,-52,-5,0,0,-14,-57,0,0,-18,-42,-6,
TT_20_0.50_43, 20, 7, 0,0,0,0,0,-26,-40,-28,0,0,-12,0,-59,0,-34,-57,-58,-50,0,-2,
TT_20_0.50_44, 20, 13, -98,-6,-1,0,-4,-26,-51,-16,0,-7,-74,-44,-4,-17,-18,0,-1,0,-58,0,
TT_20_0.50_45, 20, 7, -3,-6,-31,0,0,0,-2,-28,0,-6,-67,0,-3,-29,0,0,-58,0,-28,-1,
TT_20_0.50_46, 20, 5, 0,0,-3,0,-88,-65,-12,0,-85,0,-55,-4,-6,0,0,-9,-36,0,-3,-43,
TT_20_0.50_47, 20, 7, -1,-54,0,-1,0,-6,0,-102,0,0,-45,-65,-81,0,0,-33,-1,-91,0,0,
TT_20_0.50_48, 20, 7, -9,-25,0,0,-69,0,-6,-16,-104,-61,0,0,0,0,-96,0,-5,-92,0,-5,
TT_20_0.50_49, 20, 6, -93,-58,0,-35,-30,0,0,0,0,-3,0,-5,-54,0,-41,-1,0,0,0,-80,
TT_25_0.05_0, 25, 20, -4,-64,-81,-45,-16,-63,-112,0,-45,-77,-7,-42,-121,-111,-1,-45,-39,-65,-64,-21,-111,-112,-1,-19,0,
TT_25_0.05_1, 25, 20, -41,-79,-11,-101,-45,-118,-102,0,-45,0,-42,-1,-121,-80,-44,-63,-13,-132,-60,-101,-3,-43,-13,-82,-61,
TT_25_0.05_2, 25, 20, -52,-93,-92,-8,-2,0,0,-121,0,-51,-54,-52,-1,-109,-95,-54,-18,-9,-56,-93,-1,-13,-17,-92,-111,
TT_25_0.05_3, 25, 20, -127,-7,-28,-43,0,-129,0,0,-82,-82,-103,-9,-100,-82,0,-42,-16,-42,-83,-29,-9,-16,-85,-21,-133,
TT_25_0.05_4, 25, 21, -4,-96,-61,-112,0,-6,-57,-57,-8,-97,-114,-137,-30,-140,-32,-91,-6,-61,-28,-59,-142,0,-96,-25,-65,
TT_25_0.05_5, 25, 17, -109,-43,-9,-27,0,-1,0,-61,-39,0,-79,-27,-29,-62,-30,-29,0,-100,-104,0,-74,-5,-99,-61,-34,
TT_25_0.05_6, 25, 21, -86,-133,0,-75,-67,0,-68,-104,-132,-7,-22,-63,-2,-23,0,-64,-102,-76,-2,-134,-28,-62,-65,-10,-68,
TT_25_0.05_7, 25, 22, -28,-98,-4,-4,-146,-26,-67,0,-141,-61,-16,-99,-63,-34,-25,-144,-96,-37,-65,-3,-93,-107,-141,-16,0,
TT_25_0.05_8, 25, 19, -81,0,-19,0,-13,-46,-101,-90,-80,-18,-121,-81,0,-122,-75,-16,-47,-43,-2,-13,-94,-7,-44,-79,-1,
TT_25_0.05_9, 25, 18, 0,-31,-32,-21,-83,0,0,-85,-6,-130,-24,0,-19,-129,-82,-79,-38,-81,-26,-7,-97,-42,0,-95,-128,
TT_25_0.05_10, 25, 20, -16,-21,-26,-38,-9,-9,-14,-15,-117,-113,-17,0,-114,-29,-60,-65,-138,0,-36,0,-119,-115,-60,-131,-117,
TT_25_0.05_11, 25, 22, -22,0,-27,-93,-69,-17,-33,0,-97,-4,-12,0,-95,-35,-27,-123,-4,-56,-58,-4,-127,-58,-14,-127,-68,
TT_25_0.05_12, 25, 20, -1,0,-24,-60,-19,-78,-114,-17,0,-1,-80,-98,-25,-12,0,-55,-13,-77,-98,0,-16,-45,-113,-44,-46,
TT_25_0.05_13, 25, 17, -36,-48,0,-112,-93,-22,-13,-39,-113,-96,-96,-95,0,0,-12,0,-37,-95,-44,-16,0,-16,-22,-25,0,
TT_25_0.05_14, 25, 21, -4,-86,0,-9,-102,-46,-14,-107,-1,0,-51,-34,-15,-89,-33,-35,-8,-8,-2,-87,-121,-84,-123,-88,-15,
TT_25_0.05_15, 25, 22, -2,-30,-102,-128,0,-27,-48,-101,-89,-59,-47,-4,-66,-50,-46,-128,-9,0,-83,-86,-130,0,-28,-29,-9,
TT_25_0.05_16, 25, 21, -1,-87,-39,-92,-20,0,-111,-7,-87,-89,-7,-12,-39,-24,-88,-19,-86,-120,0,-111,-28,-88,-95,-29,-3,
TT_25_0.05_17, 25, 18, -43,-38,-41,-14,0,0,0,-62,-15,-16,0,-103,-20,-73,-24,0,-99,-26,-113,-58,-102,0,-78,-58,-16,
TT_25_0.05_18, 25, 21, -60,-101,-33,-66,0,-118,-25,-101,-27,-1,-56,0,-2,-28,-12,-42,-123,-8,-6,-104,-13,-33,-100,-59,-24,
TT_25_0.05_19, 25, 21, -18,-68,-19,0,-131,-52,-119,-33,-87,-36,-14,-67,-39,-54,-137,-90,-56,-14,-114,-90,-40,0,-119,-1,0,
TT_25_0.05_20, 25, 20, -1,-23,0,-26,0,-18,-20,-1,-21,-23,-56,-32,0,-92,-44,-114,-3,-93,-46,-56,-47,-92,-117,-101,-87,
TT_25_0.05_21, 25, 18, -36,-3,-68,-71,-106,-24,-68,-84,-19,-19,-93,0,-116,-71,-34,-33,0,-86,-68,-72,-106,-19,0,0,-22,
TT_25_0.05_22, 25, 20, -91,-24,-53,-24,0,0,-26,-53,-3,-3,-2,-76,-54,-114,-114,-54,-60,-62,-70,-26,-11,-7,-49,-95,-53,
TT_25_0.05_23, 25, 22, -52,-13,-54,-4,0,-91,-132,-24,-9,-72,-7,-27,-2,-59,-20,-131,-9,-85,-128,-20,-57,-79,-79,-57,-133,
TT_25_0.05_24, 25, 24, -46,-49,-16,-1,-108,-150,-150,-22,-2,-107,0,-33,-74,-22,-19,-72,-106,-23,-49,-2,-29,-69,-107,-149,-147,
TT_25_0.05_25, 25, 21, -90,-10,-5,-89,-45,-28,-92,-45,-115,-91,-16,-8,-45,-17,-10,-7,-18,-1,-90,-21,-90,-98,-118,0,-18,
TT_25_0.05_26, 25, 20, -45,-97,-73,-106,0,-47,-44,0,-73,-11,-129,-4,-50,-129,-97,-68,-44,-99,-3,-11,-73,-72,-50,-3,-46,
TT_25_0.05_27, 25, 20, -33,-102,-23,-149,-105,0,-104,-105,-105,-25,-167,-11,-13,-161,0,0,-100,-144,-146,-144,-143,-103,-102,-102,-2,
TT_25_0.05_28, 25, 21, -32,-16,-30,-13,-84,-105,-79,-2,-103,0,-1,0,-73,-72,-75,-42,-46,-28,-27,-17,-13,-74,-44,-72,-15,
TT_25_0.05_29, 25, 24, -70,-80,-2,-1,0,-32,-12,-68,-69,-83,-23,-124,-6,-23,-105,-3,-5,-71,-126,-112,-71,-13,-105,-9,-37,
TT_25_0.05_30, 25, 23, -129,-134,-63,-20,-128,-13,-131,-32,-34,-13,-4,-25,-82,-6,-27,-61,-3,-7,-59,-30,-14,-78,-134,-56,-20,
TT_25_0.05_31, 25, 20, 0,-51,-36,-19,-11,0,-51,-77,-20,-19,0,-33,-12,-35,-75,0,0,-12,-63,-55,-32,-52,-9,-63,-12,
TT_25_0.05_32, 25, 19, -69,-112,-42,-72,-18,-83,-30,-70,0,-30,-19,0,-17,-21,-66,-40,-18,-21,0,-1,-20,-115,0,-114,-84,
TT_25_0.05_33, 25, 21, -109,-12,-111,-19,-112,-11,-13,-109,0,-59,-7,-136,-71,-135,-42,0,-41,-21,-58,-72,-63,-38,-135,-1,-13,
TT_25_0.05_34, 25, 23, -7,-80,-44,-81,-115,-42,-40,-19,-10,-44,-10,-9,0,-1,-82,-7,-115,-99,-40,-16,-15,-98,-81,-49,-10,
TT_25_0.05_35, 25, 20, -24,-65,-68,-107,-71,0,-2,-3,-71,-70,-84,-24,-6,-110,-24,-23,0,-66,-71,-128,-125,-105,-7,-30,-65,
TT_25_0.05_36, 25, 19, -80,-118,-28,-9,-7,-41,0,-21,-65,-117,-120,0,0,0,-10,-25,0,-65,-20,-63,-41,-20,-80,-42,-120,
TT_25_0.05_37, 25, 19, -136,0,-31,-34,-27,-51,-136,0,-49,-141,-81,-13,-61,-13,-60,-138,-9,-137,0,0,-138,0,-34,-32,-82,
TT_25_0.05_38, 25, 23, -72,-72,-6,-9,-35,-4,-14,-13,-17,-28,-3,-73,-99,-6,-22,-10,-69,-13,-3,-97,-70,-20,-2,-97,-5,
TT_25_0.05_39, 25, 22, -4,-90,-4,-1,-16,-107,-18,-59,-91,-73,-61,-62,-7,-1,-4,-33,-1,-72,-112,-35,-3,-7,-14,-18,-57,
TT_25_0.05_40, 25, 21, 0,-120,-76,-2,-3,-119,-30,-91,-75,-48,-76,-37,-49,-2,-117,-20,-3,0,-30,-21,-35,-10,-90,-1,-22,
TT_25_0.05_41, 25, 21, -130,-32,-2,-7,-27,-31,-26,-3,-50,-53,-126,-85,-11,-30,-34,0,-132,0,-34,-83,-79,-129,-13,-84,-128,
TT_25_0.05_42, 25, 21, -26,-19,-2,-3,-112,-94,-19,-52,-3,-51,0,-20,-77,-77,-79,-40,-25,0,-43,-42,-112,-92,-18,-25,0,
TT_25_0.05_43, 25, 22, -27,-103,-46,-34,0,-9,-27,-127,-81,-12,0,-65,-12,-99,-126,-130,-2,-50,-69,-69,-48,-80,-9,-29,0,
TT_25_0.05_44, 25, 21, -114,-138,-58,-17,-14,-82,-118,-121,-117,0,-136,-13,-34,0,-38,0,0,-35,-34,-15,-85,-63,-49,-84,-45,
TT_25_0.05_45, 25, 19, -104,-21,-18,-78,-40,-2,-19,0,-58,-98,-1,-54,-21,-19,-21,-82,0,-1,-41,-36,-39,-95,-38,0,-82,
TT_25_0.05_46, 25, 18, -16,-29,-49,0,-90,-99,-17,-2,-58,-1,-32,-5,-7,-31,-89,-4,0,-49,-92,-50,0,-31,-63,-27,-16,
TT_25_0.05_47, 25, 21, -1,-138,-31,-73,0,-134,-1,-28,-52,-24,0,-86,-20,-133,-84,-33,-54,-55,-20,-20,-134,0,-137,-22,-68,
TT_25_0.05_48, 25, 18, -24,-3,0,-44,-106,-9,-55,0,-106,-21,0,-107,-106,-110,-11,0,-8,-45,-44,-116,-63,-58,-47,0,-15,
TT_25_0.05_49, 25, 19, -53,-2,0,-54,-124,-30,-99,-9,0,-87,-101,-84,-15,0,-59,-59,-119,-59,-85,-12,-12,-20,-54,-25,0,
TT_25_0.25_0, 25, 17, -42,-96,0,-38,0,0,0,-6,-108,-57,-44,0,-111,0,0,-27,-5,-103,-14,-45,-117,-2,0,-98,-108,
TT_25_0.25_1, 25, 16, -9,0,-97,-90,0,-146,-15,-107,-119,-89,-109,-1,0,-100,0,-74,-1,0,-116,0,-4,0,-54,-102,-97,
TT_25_0.25_2, 25, 13, -25,-70,-1,-38,0,0,-82,0,0,-69,-106,-69,0,0,-127,0,-37,-7,-1,-90,-117,-1,0,-118,0,
TT_25_0.25_3, 25, 19, -121,-47,-53,-3,-20,-6,-57,-106,-2,0,-103,-21,0,-96,-114,-1,0,0,-95,0,-1,-16,-45,-1,-73,
TT_25_0.25_4, 25, 14, 0,-95,-4,-68,-138,-90,0,-23,-138,-98,-10,-47,0,0,0,0,0,-2,-9,-11,-96,-21,-112,0,-45,
TT_25_0.25_5, 25, 18, -9,-88,0,-2,-73,-10,-35,-53,-93,-72,0,-5,-2,-121,0,-99,-75,0,-8,0,-22,-20,-84,-7,-11,
TT_25_0.25_6, 25, 17, -63,-4,-77,-35,-104,0,0,-119,-62,-8,-134,-82,-3,-86,-106,-4,-15,-1,-3,0,0,-106,-9,0,-35,
TT_25_0.25_7, 25, 19, -11,-2,-78,-7,-1,-1,-2,-83,0,-94,-74,-68,-66,-122,-108,-2,-33,-12,-7,-4,-2,-1,-102,-64,-31,
TT_25_0.25_8, 25, 8, -7,-53,-26,-1,-98,-1,-18,-2,-103,-96,0,-45,0,-11,0,-53,0,-2,0,-2,0,-112,0,0,-48,
TT_25_0.25_9, 25, 21, -26,-8,0,-77,-6,-18,-127,-105,-64,-60,-80,-45,-48,-8,-8,-102,-38,-3,0,0,-37,-18,-56,-98,-89,
TT_25_0.25_10, 25, 18, -65,-97,0,-1,-1,-79,-40,0,-6,-95,-30,-123,-64,0,-94,-2,0,-1,-25,-18,0,-71,-3,-42,-1,
TT_25_0.25_11, 25, 15, -77,0,-41,0,0,0,0,0,0,-48,-91,0,-40,-69,-19,-59,-91,-1,-101,-95,-42,-19,0,0,-18,
TT_25_0.25_12, 25, 14, -1,-38,-24,-88,-101,0,0,-35,0,-59,-59,-18,0,-2,-97,-46,-2,-10,-78,-10,0,-1,-65,-3,0,
TT_25_0.25_13, 25, 17, -7,-141,0,-86,-131,-23,-114,-69,-103,-86,-18,0,-24,0,-11,-50,-1,-1,-1,-72,-88,-3,-26,0,-53,
TT_25_0.25_14, 25, 11, -1,-95,-24,0,0,0,-57,-1,-2,-31,0,-43,-27,-40,-83,-34,0,-67,-65,0,0,-1,-81,0,0,
TT_25_0.25_15, 25, 12, 0,-63,-86,-103,0,-77,0,-68,-10,0,-45,-6,-3,0,-12,-125,0,-8,0,-70,0,-116,-11,-33,0,
TT_25_0.25_16, 25, 17, -26,-12,-32,0,-2,-4,-5,-125,0,-97,-1,-76,-60,-15,-11,0,-4,-41,-72,-82,-116,0,-20,-3,-78,
TT_25_0.25_17, 25, 17, 0,-5,0,-46,0,-73,0,0,-2,-72,-89,0,-98,-35,-44,-76,-3,0,-108,-9,-1,-120,0,-35,-67,
TT_25_0.25_18, 25, 12, 0,-97,-30,0,-3,-1,-106,0,-46,-96,0,-1,-27,-2,-2,0,-27,-114,-82,0,-96,-77,0,-112,-91,
TT_25_0.25_19, 25, 17, -4,-9,0,-79,-102,-73,0,-18,-97,-1,-72,-13,-2,-1,-110,-81,-108,0,-10,0,-104,-16,-92,-2,0,
TT_25_0.25_20, 25, 14, -38,-2,-2,-37,-80,-44,-45,0,-40,-1,0,-112,-84,0,-2,-95,-7,-2,-103,-3,-53,0,-97,-11,-82,
TT_25_0.25_21, 25, 17, -75,-103,-5,-123,-44,-131,-47,-3,-6,-71,-4,-2,0,0,-57,-3,-8,-5,-29,-9,-72,-28,-112,0,-127,
TT_25_0.25_22, 25, 18, -4,-36,0,-93,-78,-1,-3,-88,-95,-38,-73,-143,-32,0,-2,-115,-141,0,-126,0,-76,-96,-11,-72,-2,
TT_25_0.25_23, 25, 13, -50,-1,-69,-106,0,-21,-3,0,-52,0,-62,-60,0,0,-8,-134,-117,-21,-74,-12,0,-76,-6,-2,-59,
TT_25_0.25_24, 25, 13, -59,0,-81,0,-121,-82,-48,0,-1,0,-58,0,-21,-2,-104,-91,0,0,-56,0,-78,0,-112,-44,-21,
TT_25_0.25_25, 25, 20, -33,-32,-1,-93,-25,-2,-9,-108,-2,-39,0,-100,-114,-81,-2,-4,0,0,-58,0,-71,-10,-51,-15,-23,
TT_25_0.25_26, 25, 15, -140,-30,0,-44,-26,-1,-28,-139,0,0,-125,-4,-16,-135,-64,-3,-62,-156,-56,-47,-2,0,0,-90,-134,
TT_25_0.25_27, 25, 13, 0,-109,0,0,-110,-29,-2,-68,-103,-52,-32,-9,-4,-21,-4,0,-5,-88,0,-110,0,-20,0,-45,0,
TT_25_0.25_28, 25, 20, -60,-16,-71,0,-2,-112,-48,-101,-39,-94,0,-77,-6,-47,-111,0,-63,0,-80,-6,0,-7,-128,-42,-103,
TT_25_0.25_29, 25, 17, -15,-7,0,-30,-72,-1,0,-1,-2,-6,-1,-6,-1,-48,0,-26,-83,-7,-56,0,0,-86,-68,-73,0,
TT_25_0.25_30, 25, 20, -89,-24,-80,0,-91,-92,-112,-1,-101,-62,-32,-40,-37,-10,0,-51,-13,0,-1,-30,-101,-5,-16,-39,-53,
TT_25_0.25_31, 25, 17, -115,-56,-14,-2,0,-1,-52,-2,0,-15,-91,-2,-71,-99,0,-2,-54,0,-67,-24,-19,-6,-50,-97,-2,
TT_25_0.25_32, 25, 16, 0,-20,-6,-2,0,0,-35,-4,-137,0,-105,-45,-56,-1,-52,-35,-79,0,-113,-41,-64,-124,-15,-135,-86,
TT_25_0.25_33, 25, 20, -4,-7,-11,-78,-85,-105,-40,0,-109,-60,-63,-1,-63,-15,0,-1,0,-28,-59,-4,0,-38,-95,-10,-13,
TT_25_0.25_34, 25, 14, 0,-18,-33,0,-83,-97,-3,-20,-85,-1,0,-2,0,-1,-83,-107,-18,0,-90,-69,-100,-21,-72,-10,0,
TT_25_0.25_35, 25, 13, -80,-129,-72,-82,0,-98,-1,-70,0,-115,-69,-94,-28,0,0,0,-97,0,-13,0,-1,-132,-78,-1,-1,
TT_25_0.25_36, 25, 16, 0,-39,0,0,-84,-59,0,-35,-1,-105,0,-13,-2,0,0,-10,-91,-24,-68,-81,-66,-49,-97,-102,-73,
TT_25_0.25_37, 25, 20, -9,-28,-109,-19,-28,-77,-96,-3,-78,-57,0,-120,0,-16,-26,-61,-42,0,-16,-66,-2,0,-43,-14,0,
TT_25_0.25_38, 25, 16, -1,-109,-82,-80,-1,-1,-1,0,0,0,-103,-25,-45,-78,-104,0,-88,0,-104,-81,-43,0,-37,-73,-1,
TT_25_0.25_39, 25, 13, -5,-3,-41,-88,-69,0,-2,-74,-8,0,-14,0,-1,-1,-13,0,-5,-85,-59,-1,-1,0,-86,-40,-28,
TT_25_0.25_40, 25, 17, 0,0,-52,-14,0,-76,0,-49,0,-66,-92,0,-20,-97,0,-1,-99,-16,-52,-16,-2,-1,0,-2,-46,
TT_25_0.25_41, 25, 16, -38,-61,-143,-28,-138,-2,-39,-71,-124,-31,0,-81,-1,-1,-1,-74,0,-130,-1,-102,-1,-5,-41,0,0,
TT_25_0.25_42, 25, 14, 0,-81,-35,-56,-118,-2,-118,-38,-29,-30,-13,-119,0,-101,0,0,-1,-61,-2,-119,-38,0,-2,-70,-70,
TT_25_0.25_43, 25, 11, -95,-2,0,-64,0,-1,0,0,-60,-17,-57,-2,-63,-49,0,-2,0,-55,-115,0,0,-97,0,-117,-70,
TT_25_0.25_44, 25, 15, -84,-70,0,0,0,-149,0,-52,-113,-126,0,0,-11,-76,-125,0,0,-111,-4,-7,-71,-112,-25,-27,-5,
TT_25_0.25_45, 25, 16, 0,-73,-57,0,-120,-27,-27,0,-1,-55,0,-31,-1,-79,-1,-56,-82,-8,-18,-93,-19,-17,0,0,-102,
TT_25_0.25_46, 25, 20, -72,0,-101,-35,-1,-39,-3,-11,-48,-46,-71,-100,0,-82,-23,-23,-8,-83,-47,-3,-7,0,-109,-100,0,
TT_25_0.25_47, 25, 16, 0,-19,-1,-1,0,-107,-27,-42,-79,-31,-70,-51,0,0,-36,-91,-91,-77,-42,0,0,0,-37,-35,-20,
TT_25_0.25_48, 25, 14, 0,-81,-97,-2,-11,-1,-6,-3,-58,-85,-43,-96,0,-93,-91,0,-3,-51,0,0,-6,-56,0,-1,0,
TT_25_0.25_49, 25, 12, -2,0,-96,0,-20,0,-96,-68,0,0,-91,-1,-65,0,-1,-55,-5,-22,-27,-53,-29,0,0,0,-87,
TT_25_0.50_0, 25, 14, 0,-97,-86,-12,-111,-101,-10,-1,-2,-2,0,-60,-95,-50,0,-11,-9,0,-4,-5,-1,-2,-1,0,-48,
TT_25_0.50_1, 25, 11, 0,0,-127,-2,-119,-33,0,-107,0,0,0,-13,0,0,0,-76,-25,-9,-74,-38,-2,0,-1,-56,0,
TT_25_0.50_2, 25, 12, 0,-50,0,0,-52,-12,-7,-6,-104,-3,-1,-59,-6,-2,0,-75,-1,0,0,-16,-1,-4,0,-94,0,
TT_25_0.50_3, 25, 18, 0,0,-15,-30,-67,-16,-3,-5,0,-97,-46,-67,-130,0,-14,-2,-2,-1,-2,-26,-1,-101,-10,-137,-8,
TT_25_0.50_4, 25, 11, 0,0,-77,-6,-34,-8,-90,-16,0,0,-107,-1,0,-2,0,-67,-39,0,-1,0,0,0,-87,0,-50,
TT_25_0.50_5, 25, 5, 0,0,0,-3,-1,0,-2,-97,-9,-6,-70,-3,0,-59,-1,0,-4,-78,0,-72,-1,-37,0,-14,-3,
TT_25_0.50_6, 25, 7, -82,-125,-65,-2,0,0,-3,0,0,0,0,-42,-79,-9,0,0,0,0,-4,0,-28,-3,-129,-35,-1,
TT_25_0.50_7, 25, 8, -42,0,0,-152,-2,-166,-5,0,-124,-128,0,-44,-1,-11,-136,-10,-156,0,-3,-3,0,-2,-1,0,0,
TT_25_0.50_8, 25, 11, 0,-2,-104,-105,-98,-27,0,-92,-17,0,0,0,0,0,0,0,-19,-66,0,0,-66,0,-3,-2,0,
TT_25_0.50_9, 25, 7, -2,-3,0,0,0,0,-37,-72,-117,0,-2,-4,-72,-95,-41,0,-2,0,0,-10,0,-2,-3,-4,-84,
TT_25_0.50_10, 25, 5, 0,0,-11,0,0,-54,0,0,-75,0,0,-14,0,-81,-99,-9,0,-39,0,0,0,0,-1,-11,-7,
TT_25_0.50_11, 25, 10, 0,0,-1,-27,0,-59,-36,0,0,-41,-3,0,0,-75,-6,0,0,0,-1,-14,0,0,-4,-68,-3,
TT_25_0.50_12, 25, 13, -4,0,0,-88,0,-82,-125,-2,-27,-46,0,-2,-85,-1,-147,-26,-72,0,-3,-150,0,-2,-10,-8,0,
TT_25_0.50_13, 25, 8, -11,-104,0,0,-4,-2,-77,0,-74,0,0,0,0,0,-61,-38,0,-6,-124,-2,-53,0,-8,0,0,
TT_25_0.50_14, 25, 16, -117,-4,-83,-3,-115,0,-2,0,-8,-57,0,-3,-50,-4,-23,0,0,-7,-2,-24,-29,-69,-3,0,-27,
TT_25_0.50_15, 25, 10, 0,0,-1,0,0,0,0,-68,0,0,-9,0,-78,-112,-4,-98,-19,0,-52,-111,0,-36,-34,0,-43,
TT_25_0.50_16, 25, 11, 0,-95,-2,0,0,0,0,-84,-6,0,-41,-40,0,-2,0,0,-117,-6,-5,-87,0,0,-7,-35,-120,
TT_25_0.50_17, 25, 4, 0,0,-3,0,0,-90,-5,0,0,0,0,0,-7,-32,-31,-68,0,0,-1,0,0,0,0,-3,-72,
TT_25_0.50_18, 25, 12, -3,0,0,0,-56,-2,-61,-11,-25,-1,0,0,-88,-61,-9,-43,-63,0,-16,0,-43,0,0,-61,0,
TT_25_0.50_19, 25, 8, -3,-7,-19,0,0,0,-3,0,-4,-105,0,-4,0,0,-53,0,-22,-19,-73,0,-1,-63,0,-68,0,
TT_25_0.50_20, 25, 12, 0,-5,-6,-5,0,-48,0,0,-3,-39,-55,-64,-2,0,-13,-33,-1,0,-3,-1,0,-24,-3,0,-1,
TT_25_0.50_21, 25, 7, -2,-15,0,-1,-88,0,-5,-62,-37,0,-4,0,0,0,-117,0,0,0,0,0,-1,0,-108,0,-28,
TT_25_0.50_22, 25, 11, -87,0,-5,-6,0,-53,-100,0,-16,0,-61,-11,-1,0,-71,0,-1,0,-1,-77,-67,0,0,0,0,
TT_25_0.50_23, 25, 9, -107,-1,-32,0,-6,0,0,-4,-59,0,-77,-77,0,-6,0,0,0,0,0,-46,0,-20,-65,0,-83,
TT_25_0.50_24, 25, 8, 0,-94,-17,-2,-21,-1,0,-24,0,-101,0,-93,0,-1,0,-3,0,0,-1,-78,-2,0,-111,0,0,
TT_25_0.50_25, 25, 12, -1,0,-78,0,-5,0,-7,-80,0,-102,-113,-2,-105,0,-5,0,-1,-148,-102,-4,-68,-2,0,0,0,
TT_25_0.50_26, 25, 11, -76,-5,-83,-5,-3,-4,-107,-81,0,-57,-3,-2,0,0,-32,0,-104,-1,0,-22,-15,-71,0,0,0,
TT_25_0.50_27, 25, 6, -111,0,-79,-27,-96,-3,0,0,-3,0,0,-106,-73,0,0,-122,0,0,0,0,-97,-1,-6,0,0,
TT_25_0.50_28, 25, 10, 0,0,-57,0,-38,-32,-18,-36,0,0,0,-10,0,-28,-107,-1,0,0,0,-90,0,-47,-6,-4,0,
TT_25_0.50_29, 25, 11, -110,-106,-33,0,0,0,0,-52,0,-5,0,0,-22,0,-5,-1,0,-34,-98,-127,0,-20,0,-110,-5,
TT_25_0.50_30, 25, 14, -3,-3,-4,-69,-1,-3,-101,-74,-123,0,-37,0,-63,-113,-24,-21,-5,0,0,-4,-78,0,-88,0,-39,
TT_25_0.50_31, 25, 14, -3,-22,-7,0,0,-33,-86,-107,-1,0,-62,-38,-28,-79,0,0,0,-33,0,-3,-1,-49,0,-1,0,
TT_25_0.50_32, 25, 8, -73,0,0,-47,-14,-1,-97,-7,-1,-1,0,0,-123,0,-90,0,-72,0,-1,0,0,0,0,-57,0,
TT_25_0.50_33, 25, 7, 0,0,0,-20,0,-89,-1,0,-120,0,-117,0,0,0,-2,0,-108,0,-1,-65,-2,-72,-72,-1,0,
TT_25_0.50_34, 25, 16, -17,-88,-1,-1,-1,-104,-92,-27,-11,-130,-3,-110,-53,0,-114,-1,0,0,-77,0,-3,-1,0,-42,-1,
TT_25_0.50_35, 25, 9, 0,0,0,0,-25,-35,0,-71,-2,0,-34,0,-1,0,0,-28,-5,-3,-120,-54,-15,0,0,-68,0,
TT_25_0.50_36, 25, 10, -5,-34,0,-74,-1,-1,-34,-20,0,-1,-97,-47,-42,0,-8,0,0,-7,-68,-6,0,0,-57,0,0,
TT_25_0.50_37, 25, 12, -1,-17,0,0,-1,-5,-83,-21,0,-7,0,-6,0,0,-72,0,-2,0,-1,-72,-71,0,0,-62,-100,
TT_25_0.50_38, 25, 12, -6,0,-1,-10,-88,0,-73,-86,-90,-5,0,-29,0,-4,-12,-63,-127,0,-1,-6,-143,0,0,-1,-1,
TT_25_0.50_39, 25, 9, -78,-5,-112,0,-92,-79,-41,0,0,0,0,0,-9,-110,0,-18,-63,0,-95,0,-1,0,0,-69,0,
TT_25_0.50_40, 25, 10, 0,0,0,-53,-67,-76,-18,-3,0,-28,0,0,0,0,-123,-107,-33,0,-7,-68,0,-73,-69,0,0,
TT_25_0.50_41, 25, 3, 0,0,0,0,0,0,-18,0,0,0,0,-42,0,0,-1,0,-15,0,0,-4,-16,-45,-67,-73,0,
TT_25_0.50_42, 25, 6, -1,-10,0,0,-76,-1,-53,0,0,0,0,-2,0,-2,-27,-20,-6,0,0,-69,0,0,0,0,-51,
TT_25_0.50_43, 25, 11, -51,-2,-59,-2,-2,0,-15,-1,-85,-108,0,0,-2,-56,0,0,-68,-79,-9,-2,-2,-7,0,-83,0,
TT_25_0.50_44, 25, 15, -15,-4,-4,-78,0,-52,-4,-3,-5,-45,0,-1,-42,-9,-69,0,0,0,-70,-91,-3,-71,0,-17,-35,
TT_25_0.50_45, 25, 8, -101,-61,0,0,0,-58,0,-7,-90,-4,-1,0,0,0,-1,-4,-2,-102,0,0,0,-115,-45,0,0,
TT_25_0.50_46, 25, 10, -25,-31,0,-2,-95,-6,0,-50,-123,0,-1,0,-15,-6,-2,0,-8,0,0,-89,0,-87,0,0,0,
TT_25_0.50_47, 25, 13, -119,-149,0,-6,-69,0,-42,-3,-124,-59,0,0,-67,0,-76,-1,0,0,-74,-4,-2,-3,-40,-88,-61,
TT_25_0.50_48, 25, 5, -61,0,-108,0,-63,0,0,0,0,-97,-10,-75,0,0,0,-43,0,0,-1,0,0,0,0,-2,0,
TT_25_0.50_49, 25, 9, 0,0,0,-1,-8,-63,-3,-42,-13,-1,-6,-7,-67,0,-1,0,-71,-86,0,-37,-1,-2,-1,-57,-58,
TT_30_0.05_0, 30, 25, -151,-132,-9,0,-3,-135,-135,-130,-1,-37,-31,-131,-65,-49,-51,-35,-73,-134,-56,-11,-57,-9,-12,-33,-32,-155,-35,-58,-132,0,
TT_30_0.05_1, 30, 24, -169,-30,-129,-127,-1,-70,-163,-34,-1,-8,-10,-1,-127,-164,-71,-30,-131,-30,-76,-74,0,-128,-125,-161,-78,-76,-76,-34,-75,-1,
TT_30_0.05_2, 30, 27, -7,-13,-10,0,-5,-140,-33,-147,-89,-110,-29,-84,-8,-48,0,-89,-105,-55,-9,-112,-84,-4,-145,-86,-144,-38,-34,-28,-31,-52,
TT_30_0.05_3, 30, 29, -106,-68,-35,-61,-111,-63,-8,-132,-38,-128,-109,-12,-7,-83,-60,-58,-2,-36,-35,-86,-64,-33,-36,-13,-122,-2,-1,-73,-39,-4,
TT_30_0.05_4, 30, 27, -50,-25,-85,-8,-58,-143,-49,-113,0,-140,-81,0,-54,-50,-50,0,-25,-1,-142,-25,-25,-99,-59,-3,-2,-84,-98,-111,-9,-12,
TT_30_0.05_5, 30, 25, -19,-39,-25,-1,-42,-75,-1,-72,-41,-131,-76,-147,-75,-22,-104,-131,0,-100,-2,-3,-130,-102,0,-102,-42,-10,-145,-9,-2,-43,
TT_30_0.05_6, 30, 24, -1,-131,0,0,-151,-69,-23,0,-72,-126,-4,-5,-103,-107,-1,-39,-22,-72,-102,-25,-17,-77,-151,-126,-41,-77,-39,0,-37,-106,
TT_30_0.05_7, 30, 29, -138,-3,-140,-2,-43,-74,-70,-72,-140,-46,-41,-141,-21,-1,-82,-135,0,-15,-2,-166,-69,-167,-7,-10,-140,-43,-42,-173,-18,-83,
TT_30_0.05_8, 30, 26, 0,-49,-39,-22,-21,-7,-23,-20,-9,-130,0,-9,-49,-102,-42,-123,-45,-75,-19,-126,0,-102,-7,-53,-99,-42,-8,-75,-77,-45,
TT_30_0.05_9, 30, 23, -32,-84,-28,0,-63,0,-76,-63,-46,-99,-42,-19,-1,-142,-21,0,-66,-144,-105,-144,0,-27,0,-139,-43,-15,-16,-77,-21,-67,
TT_30_0.05_10, 30, 24, -137,-32,-139,-163,0,-32,-6,-169,-5,-96,-135,-36,-133,-137,-77,-13,-34,-36,-62,-62,-61,0,-61,-166,0,-80,-62,0,-88,0,
TT_30_0.05_11, 30, 27, -79,0,-142,-144,-85,-171,-167,-13,-15,-173,-146,-9,-45,-77,-141,-49,-144,-16,-46,-77,-24,-12,-146,-86,-84,-1,-45,-26,-1,-22,
TT_30_0.05_12, 30, 26, -84,-74,-70,-1,0,-152,-151,-89,0,0,-24,-35,-3,-21,-44,-10,-71,-146,-154,-29,-8,-108,-8,-71,-12,0,-108,-23,-40,-114,
TT_30_0.05_13, 30, 22, -177,0,-6,0,-168,-38,-118,-75,-173,-1,-171,0,-34,0,-112,-47,-37,-80,-74,-112,-109,-171,-41,-40,-76,-32,-171,-6,-35,0,
TT_30_0.05_14, 30, 28, -81,-129,-165,-55,-84,-33,-2,-165,-127,-130,-130,-2,-39,-162,-49,-18,-13,-33,-39,-1,-57,-125,-51,-18,-12,-6,-14,-2,-163,-82,
TT_30_0.05_15, 30, 24, -15,0,-48,-24,0,-23,-80,-122,-103,-156,-15,-46,-83,-83,-47,-153,0,-81,-157,-51,-12,-124,0,-126,-86,-27,-99,-14,-23,0,
TT_30_0.05_16, 30, 27, -24,0,-3,-64,0,-88,-108,-90,-29,-153,-87,-62,-130,-25,-63,-34,-5,-4,-134,-35,-146,-107,-27,-86,-3,-62,-29,0,-65,-130,
TT_30_0.05_17, 30, 24, -101,-16,-97,-183,-65,-91,-187,-13,-30,-61,0,-182,0,-93,-97,-25,-180,-4,-179,-15,-37,-180,-63,-13,-69,-187,-33,0,0,-181,
